,Sent_Count,Word_Count,Char_Count,Avg_Word_Count,Verb_Count,Noun_Count,Adj_Count,Conj_Count,Adverb_Count,pNoun_Count,Grammar_Error_Count
0,3,102,488,3.901960784,18,26,1,2,3,16,0
1,3,105,459,3.476190476,16,20,2,5,4,13,0
2,1,171,770,3.578947368,27,28,8,10,7,25,0
3,13,271,1124,3.350553506,41,39,11,6,14,40,1
4,12,181,809,3.640883978,25,20,9,2,22,25,0
5,33,458,1910,3.436681223,61,61,14,20,30,49,0
6,11,187,814,3.438502674,24,18,10,8,20,29,0
7,7,146,670,3.732876712,17,18,6,3,5,24,0
8,6,381,1743,3.619422572,49,69,12,17,22,74,1
9,9,104,430,3.298076923,9,14,11,3,5,12,0
10,9,203,830,3.226600985,40,15,9,8,19,34,0
11,9,143,604,3.41958042,16,23,12,4,5,12,0
12,11,218,912,3.325688073,22,30,15,9,11,30,3
13,10,184,786,3.380434783,23,33,4,9,9,25,4
14,4,192,837,3.5,29,22,12,16,15,25,1
15,13,208,828,3.168269231,26,28,11,12,6,29,0
16,17,268,1164,3.5,34,42,6,14,12,28,3
17,8,109,514,3.871559633,15,19,11,5,4,7,0
18,12,210,883,3.333333333,37,25,6,10,12,44,0
19,12,154,647,3.305194805,21,24,5,2,3,25,0
20,9,178,745,3.325842697,23,26,8,5,8,23,0
21,16,213,968,3.629107981,30,36,12,8,11,24,1
22,11,211,916,3.464454976,22,32,10,7,17,28,1
23,13,218,991,3.688073394,27,31,22,12,8,44,1
24,5,147,657,3.517006803,28,15,5,2,9,26,0
25,9,112,519,3.723214286,24,12,6,4,4,27,3
26,4,59,276,3.813559322,7,9,5,1,1,8,1
27,4,117,485,3.256410256,13,22,4,7,5,15,1
28,15,362,1460,3.314917127,35,31,12,9,13,42,4
29,12,209,811,3.052631579,31,22,13,6,13,45,0
30,18,396,1709,3.482323232,48,56,14,22,22,70,1
31,10,127,620,4.007874016,12,20,11,3,6,16,1
32,2,168,692,3.363095238,22,23,9,4,10,10,1
33,29,487,2185,3.696098563,50,87,20,14,15,21,1
34,13,188,801,3.414893617,25,24,5,5,11,24,1
35,16,227,956,3.330396476,32,30,14,3,20,38,1
36,8,193,807,3.305699482,32,25,6,8,10,26,0
37,6,188,815,3.39893617,34,25,7,9,13,32,2
38,14,266,1199,3.676691729,42,35,11,9,8,54,1
39,11,153,697,3.764705882,23,20,4,6,7,25,3
40,5,60,220,2.916666667,5,11,2,1,3,7,0
41,7,124,591,3.887096774,19,27,12,2,4,9,0
42,10,199,907,3.633165829,27,23,14,6,8,30,2
43,3,79,332,3.265822785,15,11,8,3,6,7,0
44,15,243,1053,3.423868313,42,31,18,8,15,27,2
45,20,290,1203,3.382758621,26,35,10,10,18,31,0
46,4,143,610,3.34965035,21,18,11,5,9,20,2
47,6,74,307,3.27027027,9,9,4,3,4,10,0
48,23,298,1211,3.224832215,45,31,17,9,24,55,0
49,14,232,977,3.349137931,31,36,9,3,7,42,1
50,8,146,588,3.143835616,25,24,4,2,2,20,1
51,7,135,645,3.859259259,18,17,9,13,11,29,1
52,9,82,310,3.012195122,8,7,6,3,7,15,0
53,14,201,801,3.164179104,29,20,10,5,19,38,0
54,6,103,431,3.310679612,17,17,3,6,5,19,0
55,4,50,219,3.52,10,7,3,1,1,9,0
56,13,386,1614,3.380829016,52,77,9,14,6,24,1
57,7,196,846,3.418367347,25,39,11,10,5,29,1
58,15,218,977,3.596330275,25,23,6,8,23,36,0
59,51,776,3255,3.432989691,112,95,29,21,45,115,1
60,7,179,747,3.296089385,26,29,8,9,8,33,0
61,11,103,408,3.087378641,17,16,2,3,7,17,0
62,15,274,1107,3.156934307,49,34,12,6,15,47,1
63,5,93,369,3.086021505,7,9,4,2,6,16,1
64,11,149,610,3.288590604,17,24,1,5,9,15,1
65,1,79,322,3.113924051,13,11,5,7,1,17,2
66,13,241,903,3.078838174,28,20,5,6,4,24,2
67,10,217,949,3.497695853,27,28,9,5,11,34,0
68,10,221,979,3.529411765,40,26,6,8,9,48,0
69,18,262,1100,3.328244275,28,52,20,16,18,28,0
70,20,219,909,3.337899543,26,36,6,4,13,33,0
71,13,238,902,3.075630252,35,17,5,6,14,38,1
72,7,124,531,3.370967742,19,15,6,9,11,16,0
73,4,123,587,3.869918699,18,16,6,5,11,22,1
74,6,127,558,3.472440945,18,24,3,10,9,22,0
75,4,94,417,3.5,16,18,5,2,6,10,0
76,3,110,453,3.172727273,11,21,7,7,3,17,2
77,6,151,665,3.496688742,30,25,5,7,8,25,0
78,17,281,1181,3.291814947,46,36,9,14,13,62,0
79,6,88,327,3.079545455,4,8,5,3,3,9,0
80,6,225,1015,3.551111111,31,25,16,16,24,32,5
81,11,148,641,3.472972973,15,25,5,7,5,21,0
82,17,236,1031,3.508474576,38,36,12,5,18,44,3
83,30,394,1723,3.64213198,43,51,17,5,20,39,1
84,16,320,1472,3.690625,42,50,18,9,22,50,1
85,8,130,552,3.323076923,12,36,2,12,7,11,3
86,4,183,798,3.426229508,32,29,5,12,6,35,4
87,13,244,1025,3.286885246,44,36,7,8,16,56,0
88,17,208,961,3.740384615,34,30,11,9,19,22,1
89,25,403,1629,3.290322581,57,42,20,12,11,65,3
90,10,120,471,3.125,11,15,6,3,8,19,1
91,6,132,587,3.46969697,18,21,7,7,7,27,2
92,4,54,217,3.148148148,11,7,1,3,2,9,0
93,5,72,313,3.458333333,3,9,12,4,1,11,0
94,17,354,1578,3.579096045,62,52,11,20,22,52,0
95,23,293,1296,3.580204778,41,47,11,11,12,39,0
96,7,91,363,3.10989011,11,19,4,5,3,13,1
97,5,162,654,3.191358025,23,22,3,6,17,24,2
98,5,141,667,3.90070922,16,25,7,4,2,14,0
99,4,175,719,3.16,19,26,16,10,8,32,1
100,11,182,725,3.164835165,28,13,4,9,18,23,0
101,5,148,691,3.804054054,19,17,9,7,10,20,0
102,5,87,372,3.413793103,13,8,6,2,6,13,0
103,35,421,1661,3.171021378,42,61,11,14,25,52,1
104,6,107,431,3.130841121,15,20,6,6,2,7,0
105,5,75,294,3.08,8,7,5,2,2,11,0
106,2,74,296,3.135135135,11,10,3,5,0,13,0
107,15,237,1003,3.367088608,23,28,12,6,16,36,0
108,9,172,716,3.296511628,31,21,7,5,10,31,0
109,13,184,752,3.222826087,25,28,3,2,5,30,0
110,6,175,802,3.754285714,25,25,8,4,4,13,0
111,5,93,410,3.537634409,12,18,3,2,1,10,0
112,4,90,436,3.922222222,9,8,9,4,10,15,0
113,9,188,812,3.430851064,24,32,6,14,9,25,0
114,9,169,813,3.928994083,24,22,9,5,10,28,1
115,13,526,2321,3.530418251,84,65,20,42,23,75,6
116,17,207,855,3.38647343,25,28,9,3,9,21,0
117,11,183,815,3.540983607,21,40,10,12,3,29,0
118,13,213,912,3.399061033,33,27,8,7,16,37,0
119,19,383,1593,3.37075718,37,39,14,9,18,48,3
120,12,179,739,3.357541899,23,20,9,6,5,22,0
121,7,147,609,3.326530612,20,16,8,7,6,19,1
122,5,61,318,4.31147541,10,11,1,3,4,9,0
123,12,348,1434,3.405172414,54,41,17,10,20,24,2
124,7,157,678,3.420382166,20,28,9,10,9,24,1
125,15,245,1030,3.375510204,45,32,6,5,12,37,1
126,17,253,1109,3.52173913,23,44,16,3,14,33,0
127,9,132,656,4.106060606,19,15,10,8,4,20,0
128,3,78,353,3.58974359,11,12,3,4,2,18,1
129,9,88,357,3.193181818,15,13,4,3,4,16,2
130,2,144,629,3.430555556,25,12,7,10,11,24,0
131,12,233,1028,3.566523605,25,36,11,6,16,28,0
132,12,167,777,3.784431138,25,29,14,4,5,19,0
133,8,105,451,3.428571429,10,20,7,3,6,14,0
134,11,162,710,3.481481481,25,20,4,9,19,30,2
135,16,186,786,3.413978495,28,21,14,2,10,37,1
136,9,135,532,3.155555556,11,18,6,3,8,22,0
137,22,309,1293,3.343042071,32,45,15,7,14,67,0
138,12,241,984,3.203319502,41,21,11,16,11,51,0
139,7,118,543,3.677966102,21,7,5,7,16,23,1
140,6,87,363,3.310344828,15,13,3,5,3,14,0
141,3,224,1054,3.785714286,32,50,5,4,4,34,0
142,30,390,1617,3.333333333,65,39,17,17,21,81,2
143,2,33,152,3.757575758,2,3,3,3,2,5,0
144,7,176,762,3.454545455,26,26,7,8,9,28,0
145,1,92,381,3.163043478,16,12,2,9,2,17,0
146,8,230,945,3.252173913,33,29,14,4,7,43,1
147,12,183,777,3.360655738,29,28,6,5,6,24,0
148,25,346,1540,3.601156069,51,46,12,12,15,45,0
149,5,74,278,2.864864865,10,13,2,4,7,12,2
150,9,239,925,3.020920502,50,21,10,13,18,46,1
151,19,203,815,3.133004926,31,17,6,9,18,43,4
152,21,289,1201,3.328719723,34,45,13,8,11,33,2
153,18,236,1009,3.398305085,32,32,16,7,17,38,3
154,8,144,614,3.340277778,19,22,6,8,10,24,3
155,2,98,445,3.663265306,12,20,2,6,1,10,0
156,13,283,1202,3.522968198,25,38,7,14,8,19,0
157,6,183,744,3.191256831,14,30,3,18,6,30,2
158,15,168,770,3.726190476,30,20,7,8,11,22,0
159,2,274,1240,3.572992701,43,38,20,12,17,40,1
160,33,414,1587,3.178743961,52,24,9,6,17,53,3
161,19,250,1044,3.336,39,33,15,10,11,43,0
162,7,81,337,3.308641975,16,8,3,0,5,15,0
163,17,318,1391,3.496855346,54,48,6,23,17,57,0
164,11,122,506,3.278688525,21,23,3,3,5,24,2
165,4,121,502,3.297520661,15,12,8,5,6,18,3
166,20,330,1446,3.487878788,53,44,13,12,29,52,0
167,10,192,761,3.067708333,33,27,4,3,15,40,4
168,14,254,1118,3.551181102,32,31,10,13,17,39,2
169,9,142,635,3.570422535,19,15,10,8,10,34,0
170,10,218,958,3.495412844,31,29,9,12,12,31,2
171,11,223,890,3.134529148,22,35,13,13,10,39,3
172,16,310,1369,3.541935484,43,47,16,12,18,48,1
173,5,86,379,3.569767442,7,15,6,1,4,5,0
174,5,110,442,3.118181818,16,12,5,7,6,20,1
175,7,98,380,3.020408163,14,12,8,1,3,13,1
176,29,469,2150,3.67803838,72,82,28,14,24,66,2
177,4,84,374,3.547619048,11,10,2,4,8,12,0
178,3,58,249,3.431034483,4,17,3,1,0,5,0
179,6,109,447,3.275229358,15,18,3,6,3,21,2
180,14,199,852,3.40201005,34,33,9,9,10,32,1
181,5,139,672,3.90647482,21,18,6,5,10,21,2
182,2,68,271,3.117647059,6,10,3,3,8,8,1
183,6,120,434,2.9,21,16,1,5,5,17,0
184,8,160,629,3.15,27,12,6,8,9,23,0
185,5,90,359,3.211111111,10,10,4,6,6,17,0
186,15,177,807,3.734463277,20,30,11,6,5,20,0
187,16,369,1558,3.414634146,55,51,14,9,24,51,0
188,4,113,462,3.238938053,10,16,8,2,1,18,8
189,14,251,1122,3.589641434,41,41,6,12,19,32,2
190,9,134,570,3.455223881,20,24,9,5,4,9,0
191,5,272,1175,3.4375,33,40,15,16,11,50,2
192,1,69,289,3.202898551,9,7,6,2,0,12,1
193,11,228,970,3.456140351,31,21,14,4,7,35,4
194,3,234,1076,3.662393162,28,32,18,2,15,46,1
195,19,281,1151,3.330960854,38,33,11,7,12,46,2
196,6,189,785,3.333333333,24,30,6,8,4,23,1
197,13,198,817,3.313131313,34,18,7,8,10,34,1
198,30,454,1869,3.464757709,64,47,14,4,13,45,2
199,5,139,634,3.647482014,20,25,12,9,7,21,0
200,15,179,793,3.553072626,15,36,12,4,7,22,1
201,1,97,440,3.577319588,15,18,3,13,6,18,0
202,12,251,1032,3.103585657,33,32,15,12,16,39,3
203,11,157,756,3.936305732,18,32,5,3,10,19,0
204,12,176,682,3.039772727,26,20,8,9,11,34,2
205,16,220,921,3.327272727,35,25,11,6,13,46,1
206,15,282,1089,3.134751773,41,36,8,8,7,28,1
207,11,186,700,3.129032258,13,4,4,6,5,14,0
208,29,389,1614,3.36503856,56,56,21,7,17,52,0
209,7,125,590,3.824,23,23,4,7,2,13,0
210,15,242,1038,3.404958678,25,46,13,16,14,37,0
211,11,171,762,3.561403509,30,24,6,5,20,20,0
212,15,212,875,3.372641509,26,29,8,4,10,29,3
213,7,286,1209,3.276223776,55,34,10,17,20,49,8
214,11,215,965,3.758139535,22,22,14,2,13,18,1
215,6,254,1079,3.374015748,42,29,5,17,19,47,8
216,19,300,1247,3.323333333,43,41,14,18,9,57,1
217,17,202,801,3.188118812,24,20,11,5,13,34,0
218,14,465,1753,2.984946237,65,49,20,12,17,64,0
219,5,202,903,3.608910891,23,36,12,8,3,22,0
220,11,188,804,3.361702128,29,29,11,11,18,29,1
221,2,146,628,3.356164384,31,19,5,7,14,32,1
222,8,127,526,3.267716535,17,17,2,4,8,17,0
223,6,169,761,3.627218935,22,26,2,8,9,20,2
224,9,131,521,3.183206107,19,21,6,3,10,13,0
225,13,200,838,3.37,24,27,11,5,15,31,0
226,1,31,131,3.419354839,5,7,1,0,3,5,1
227,20,263,1106,3.433460076,39,27,7,7,15,35,4
228,4,354,1500,3.302259887,61,47,8,3,23,69,4
229,1,51,209,3.196078431,10,4,1,1,1,12,0
230,4,98,399,3.183673469,14,12,5,6,4,17,0
231,8,118,471,3.110169492,22,17,3,3,8,10,0
232,15,172,760,3.552325581,25,29,7,4,9,27,1
233,15,215,941,3.474418605,28,27,14,4,12,49,4
234,8,165,734,3.545454545,28,24,6,10,18,25,0
235,15,173,646,3.028901734,22,13,7,4,2,20,0
236,18,278,1173,3.374100719,26,43,16,2,18,39,0
237,19,310,1111,2.948387097,32,22,8,6,11,30,0
238,21,344,1440,3.340116279,57,37,11,11,18,64,0
239,4,57,235,3.210526316,9,8,4,0,0,9,0
240,15,268,994,3.026119403,33,29,6,3,11,24,3
241,8,171,770,3.573099415,26,25,7,7,11,32,2
242,9,319,1292,3.285266458,45,29,6,5,14,56,3
243,10,187,800,3.368983957,24,30,9,5,6,34,1
244,1,116,491,3.327586207,11,11,6,4,6,26,1
245,1,40,169,3.275,8,8,0,4,0,9,0
246,21,448,1877,3.330357143,73,48,21,18,29,81,3
247,9,131,515,3.236641221,16,8,8,2,6,21,0
248,8,174,762,3.442528736,20,21,10,5,12,35,2
249,10,183,810,3.530054645,23,22,6,10,19,29,0
250,11,210,961,3.704761905,28,30,14,13,18,23,0
251,9,161,694,3.409937888,25,25,3,4,11,24,0
252,7,264,1080,3.185606061,46,48,7,9,6,51,5
253,6,310,1456,3.738709677,49,42,11,17,18,57,0
254,9,163,724,3.539877301,22,25,9,3,9,22,1
255,14,189,774,3.26984127,25,19,13,12,15,32,0
256,5,123,585,3.926829268,15,24,10,2,3,10,0
257,11,211,866,3.331753555,25,31,5,6,14,26,1
258,2,49,202,3.244897959,12,6,1,3,4,11,1
259,12,313,1265,3.162939297,48,44,10,15,9,57,0
260,6,147,623,3.340136054,21,17,12,8,15,29,0
261,9,140,585,3.314285714,22,18,8,5,7,29,0
262,7,138,644,3.775362319,24,19,4,6,5,20,1
263,6,109,487,3.651376147,14,9,6,4,2,15,0
264,17,238,981,3.239495798,40,29,10,11,15,49,2
265,5,45,146,2.577777778,5,4,0,2,1,6,1
266,12,180,792,3.516666667,30,18,12,4,4,35,0
267,6,141,630,3.553191489,30,17,3,1,11,21,0
268,3,68,327,3.970588235,15,7,4,2,7,6,1
269,6,113,469,3.318584071,18,15,3,4,2,17,0
270,47,498,1931,3.154618474,64,54,9,4,21,75,4
271,8,148,635,3.391891892,16,22,14,5,7,24,3
272,20,383,1445,2.911227154,51,58,13,11,24,62,3
273,19,383,1698,3.608355091,51,60,12,15,32,54,0
274,12,187,959,4.245989305,30,21,14,9,17,20,0
275,7,136,608,3.522058824,21,8,5,8,11,28,1
276,17,373,1559,3.436997319,51,32,15,8,18,42,1
277,5,146,589,3.212328767,16,20,6,6,9,21,0
278,15,230,1008,3.547826087,30,40,10,16,13,16,3
279,1,31,139,3.516129032,5,5,2,1,2,4,0
280,7,137,607,3.532846715,15,21,7,8,8,20,1
281,12,166,751,3.63253012,24,36,10,6,5,18,2
282,1,28,139,4.035714286,5,3,1,3,2,5,0
283,19,368,1610,3.557065217,49,53,13,8,19,53,1
284,6,71,282,3.126760563,10,7,2,1,5,15,1
285,5,124,630,4.209677419,15,20,11,6,8,9,1
286,9,166,712,3.451807229,19,20,10,2,14,24,2
287,18,239,959,3.179916318,37,31,8,7,16,35,2
288,1,126,489,3.055555556,13,12,3,2,5,21,0
289,25,333,1392,3.354354354,43,49,12,9,21,41,0
290,8,157,620,3.121019108,21,18,12,12,1,30,2
291,10,209,949,3.61722488,38,33,7,7,9,39,2
292,16,324,1317,3.228395062,40,50,9,9,18,48,2
293,11,246,934,3.06097561,32,30,9,7,7,30,1
294,2,48,256,4.458333333,4,10,4,3,0,3,1
295,14,165,696,3.418181818,18,26,3,5,7,22,0
296,24,388,1628,3.231958763,57,42,25,12,19,72,5
297,15,241,1044,3.232365145,29,36,15,10,18,39,3
298,24,209,769,3.19138756,26,20,3,2,8,14,0
299,36,355,1386,3.090140845,56,50,11,6,13,72,4
300,12,139,559,3.151079137,25,18,6,2,8,38,2
301,23,440,1617,3.011363636,61,38,16,11,15,56,1
302,25,539,2268,3.413729128,70,70,18,19,25,42,1
303,7,83,345,3.277108434,12,11,6,2,5,11,0
304,23,459,1867,3.272331155,63,56,25,14,25,78,0
305,4,49,191,3.12244898,5,13,0,1,4,5,0
306,12,144,601,3.368055556,24,21,3,2,11,13,1
307,10,176,728,3.227272727,28,26,5,13,9,36,2
308,11,224,960,3.370535714,24,33,10,13,9,34,4
309,9,189,828,3.486772487,27,23,5,6,15,46,0
310,6,55,215,3.145454545,10,11,0,0,0,10,0
311,5,130,556,3.384615385,19,23,8,5,3,27,0
312,19,251,1008,3.163346614,34,30,13,5,15,40,1
313,23,364,1601,3.565934066,33,42,22,14,29,55,3
314,19,267,1158,3.445692884,47,29,8,14,26,46,0
315,5,135,553,3.214814815,17,16,4,5,5,19,0
316,6,110,483,3.472727273,12,21,7,4,6,17,4
317,18,217,828,3.073732719,25,32,8,3,14,26,3
318,9,153,595,3.071895425,20,20,4,6,7,27,0
319,13,226,990,3.57079646,23,35,17,13,12,14,1
320,8,340,1426,3.261764706,44,45,13,16,23,53,1
321,1,126,585,3.674603175,16,25,5,6,6,17,0
322,9,142,586,3.26056338,21,16,1,7,14,25,0
323,12,293,1224,3.33447099,45,28,21,15,13,45,0
324,10,303,1381,3.620462046,53,40,16,14,22,60,1
325,23,261,957,2.98467433,34,22,4,4,14,33,0
326,17,242,1069,3.590909091,28,42,11,5,4,14,0
327,2,30,116,3,5,5,1,1,1,4,0
328,16,307,1268,3.299674267,49,32,12,14,8,59,0
329,4,148,633,3.412162162,22,18,4,12,7,19,0
330,13,313,1227,3.124600639,37,31,11,10,20,22,2
331,15,141,629,3.595744681,22,19,7,2,14,28,1
332,4,187,800,3.352941176,29,20,8,9,18,26,0
333,14,186,768,3.317204301,17,32,8,5,7,21,0
334,11,264,1178,3.598484848,46,42,10,12,13,28,1
335,10,139,572,3.309352518,19,20,10,1,8,19,0
336,21,247,1097,3.55465587,44,24,10,8,11,50,0
337,7,132,556,3.333333333,23,13,7,7,4,26,1
338,13,151,671,3.589403974,26,18,12,2,10,22,0
339,9,167,671,3.137724551,22,24,10,2,10,16,0
340,6,193,724,2.886010363,28,31,10,0,15,40,8
341,25,245,1006,3.273469388,37,45,7,3,9,41,0
342,5,39,165,3.41025641,5,8,1,1,1,5,0
343,28,302,1252,3.360927152,30,33,15,5,16,39,0
344,14,173,698,3.231213873,27,30,6,2,4,25,0
345,8,179,728,3.212290503,21,32,5,5,9,16,4
346,16,260,1120,3.396153846,41,37,12,16,12,52,0
347,14,234,990,3.311965812,24,46,12,11,21,32,1
348,8,148,729,4.033783784,21,26,11,7,8,16,0
349,20,432,1727,3.303240741,59,42,4,10,19,35,1
350,16,316,1242,3.174050633,49,36,8,9,22,39,0
351,14,199,863,3.447236181,32,24,11,2,8,38,1
352,11,242,1047,3.5,35,42,10,6,13,31,6
353,11,126,521,3.261904762,13,7,10,7,4,25,1
354,11,224,1004,3.714285714,25,23,12,3,16,21,4
355,18,450,1932,3.493333333,70,57,11,13,18,65,1
356,18,191,742,3.120418848,21,22,6,8,12,21,2
357,15,169,625,2.917159763,17,24,7,6,6,21,1
358,12,114,485,3.377192982,17,15,7,5,10,17,0
359,5,58,270,3.75862069,7,9,3,2,3,12,0
360,5,180,776,3.461111111,22,21,8,2,11,28,0
361,11,219,1041,3.831050228,30,33,13,13,22,37,0
362,10,125,487,3.016,16,22,3,1,8,25,0
363,26,532,2273,3.385338346,82,87,12,21,27,91,0
364,7,206,880,3.344660194,35,27,9,5,17,32,0
365,12,101,507,4.178217822,15,20,7,4,3,7,0
366,6,191,799,3.382198953,26,24,7,4,5,13,1
367,10,208,898,3.346153846,36,26,7,7,14,47,1
368,10,129,600,3.80620155,19,27,5,4,3,16,0
369,5,173,780,3.630057803,23,26,7,5,8,24,2
370,22,353,1517,3.461756374,46,38,19,11,13,52,2
371,10,121,493,3.239669421,16,17,8,3,3,17,0
372,15,255,1040,3.2,47,32,7,4,14,42,6
373,6,87,442,4.229885057,11,13,2,3,2,18,0
374,13,141,567,3.191489362,26,16,3,2,6,27,0
375,16,215,893,3.274418605,28,31,10,7,13,33,1
376,21,318,1276,3.216981132,39,38,9,9,18,33,2
377,15,290,1202,3.313793103,39,44,7,19,15,47,1
378,6,104,422,3.192307692,21,12,5,3,4,18,0
379,1,89,392,3.438202247,15,15,2,3,7,22,0
380,10,186,828,3.629032258,29,18,4,8,16,27,1
381,32,536,1776,2.708955224,59,40,11,1,8,56,0
382,10,182,736,3.175824176,24,25,6,2,12,25,0
383,4,99,398,3.121212121,12,17,1,2,7,17,0
384,11,222,896,3.301801802,23,19,12,5,11,33,0
385,7,113,526,3.752212389,13,18,7,6,7,15,1
386,24,371,1633,3.509433962,64,60,8,20,17,63,0
387,4,69,308,3.623188406,10,9,3,3,7,11,0
388,3,47,218,3.723404255,9,10,2,2,2,7,0
389,10,101,426,3.396039604,9,13,12,1,7,17,0
390,17,281,1156,3.266903915,32,44,13,9,8,37,0
391,12,192,805,3.286458333,29,25,6,11,12,34,1
392,13,189,825,3.465608466,32,27,5,10,9,34,4
393,16,426,1913,3.694835681,69,39,12,3,19,65,2
394,10,165,672,3.206060606,24,23,14,6,4,28,0
395,11,211,940,3.559241706,30,31,8,8,10,35,0
396,5,49,220,3.612244898,8,8,3,0,4,7,0
397,16,315,1367,3.447619048,53,50,10,11,13,51,1
398,9,107,461,3.429906542,15,23,6,3,3,13,0
399,24,292,1228,3.431506849,40,49,11,10,9,30,0
400,9,193,820,3.32642487,30,25,8,9,19,25,0
401,19,270,1139,3.403703704,34,45,10,7,16,39,1
402,10,168,756,3.613095238,23,27,7,5,7,12,1
403,7,104,495,3.875,15,18,5,2,6,19,0
404,14,178,846,3.91011236,20,29,6,6,13,19,1
405,5,193,802,3.21761658,29,27,5,5,13,27,1
406,7,179,790,3.502793296,32,16,5,10,8,55,2
407,15,237,989,3.375527426,36,28,13,11,13,34,1
408,7,97,378,3,14,11,5,6,3,13,1
409,11,215,1069,4.08372093,31,36,13,8,12,23,1
410,1,105,478,3.6,12,19,7,3,8,15,0
411,9,104,447,3.403846154,10,15,8,1,9,17,0
412,14,405,1941,3.97037037,63,64,21,15,30,45,1
413,9,124,536,3.403225806,18,23,3,5,9,22,0
414,2,45,203,3.622222222,6,8,2,5,2,10,0
415,11,436,2025,3.743119266,89,54,12,31,27,60,0
416,7,105,461,3.457142857,19,12,7,0,3,18,1
417,20,181,659,2.839779006,16,20,8,5,10,21,1
418,9,107,446,3.271028037,14,13,2,6,10,17,1
419,8,456,1920,3.331140351,58,43,28,22,42,74,1
420,12,191,837,3.497382199,29,24,7,6,12,28,1
421,11,167,777,3.748502994,23,29,14,4,12,17,1
422,9,166,695,3.28313253,33,17,7,12,11,24,0
423,10,195,791,3.256410256,29,21,5,5,13,24,0
424,8,128,603,3.2421875,16,20,6,3,4,18,0
425,25,382,1576,3.316753927,43,42,29,10,29,64,0
426,15,151,633,3.317880795,21,19,10,2,7,29,0
427,7,158,701,3.5,23,15,7,6,9,34,4
428,35,435,1685,3.105747126,50,58,22,11,25,66,0
429,18,277,1218,3.501805054,45,44,16,10,14,41,0
430,27,372,1515,3.360215054,37,48,21,7,16,24,1
431,6,156,679,3.474358974,17,21,6,14,9,24,0
432,7,106,472,3.594339623,16,8,4,4,12,19,2
433,31,563,2363,3.387211368,72,75,25,10,21,66,2
434,6,112,525,3.776785714,11,21,7,5,3,20,0
435,6,89,403,3.696629213,13,14,7,3,6,9,1
436,13,206,852,3.32038835,27,24,10,11,13,30,1
437,17,318,1220,3.119496855,37,42,11,5,15,37,1
438,4,83,376,3.662650602,7,9,8,4,5,11,1
439,16,323,1444,3.616099071,48,33,13,9,27,70,0
440,16,242,968,3.115702479,42,33,5,12,9,54,2
441,15,261,1255,3.961685824,29,38,18,7,16,27,2
442,5,67,317,3.895522388,12,4,5,2,3,9,0
443,3,68,303,3.544117647,10,9,6,2,3,10,0
444,14,345,1433,3.414492754,48,43,16,6,15,23,0
445,6,155,660,3.367741935,26,21,2,4,5,21,1
446,21,307,1409,3.745928339,51,38,9,9,11,62,2
447,15,262,1109,3.339694656,34,44,8,17,10,38,3
448,9,159,706,3.622641509,24,21,6,5,11,25,0
449,13,209,871,3.272727273,38,26,8,9,11,41,2
450,16,227,995,3.50660793,36,37,12,12,15,36,1
451,14,313,1325,3.306709265,36,54,17,21,15,49,0
452,15,298,1355,3.687919463,56,38,11,18,19,58,1
453,3,135,657,3.985185185,17,30,8,11,4,20,0
454,8,172,796,3.726744186,22,25,13,8,13,26,2
455,9,171,779,3.684210526,24,22,8,6,11,23,1
456,15,277,1171,3.317689531,41,37,15,13,11,56,4
457,9,214,916,3.462616822,25,28,11,9,8,19,0
458,10,226,976,3.314159292,22,31,11,8,2,37,0
459,6,56,222,3.125,6,6,5,1,2,9,0
460,2,15,58,3.2,1,1,2,0,2,2,0
461,9,196,848,3.469387755,20,35,13,4,13,25,0
462,7,100,452,3.68,14,18,2,7,3,13,0
463,7,99,443,3.636363636,11,21,7,4,8,13,2
464,24,263,1092,3.273764259,51,28,5,5,21,50,0
465,2,44,205,3.75,7,5,3,3,2,8,0
466,5,101,456,3.603960396,18,17,7,3,1,12,0
467,13,184,769,3.298913043,24,25,7,14,16,24,1
468,12,179,710,3.156424581,19,29,9,3,9,28,0
469,7,109,452,3.266055046,15,14,5,3,8,23,0
470,6,82,319,3.109756098,14,7,3,2,4,13,0
471,24,427,1629,3.119437939,60,47,7,15,7,43,3
472,17,305,1321,3.518032787,37,44,17,12,16,46,0
473,3,108,476,3.5,19,17,3,4,3,19,1
474,4,63,264,3.26984127,8,6,6,3,3,7,0
475,8,111,441,3.144144144,8,12,5,8,3,17,0
476,4,106,448,3.320754717,13,17,3,4,6,26,1
477,12,218,914,3.357798165,40,31,8,7,11,22,5
478,24,295,1215,3.308474576,37,37,14,7,22,42,0
479,2,51,190,2.882352941,5,4,2,3,1,13,0
480,18,260,1052,3.180769231,36,30,11,9,17,51,0
481,6,93,381,3.258064516,13,15,5,5,5,14,0
482,2,51,209,3.156862745,8,7,1,0,3,10,1
483,3,71,289,3.197183099,9,13,3,3,3,13,2
484,8,234,878,3.081196581,32,17,2,4,16,26,1
485,15,333,1444,3.444444444,53,46,15,7,14,60,0
486,8,269,1235,3.713754647,29,39,7,18,12,29,0
487,4,116,515,3.482758621,22,10,7,9,11,20,1
488,12,239,1044,3.456066946,35,31,9,16,15,55,1
489,7,109,427,3.23853211,8,12,11,5,7,10,0
490,2,87,396,3.597701149,9,11,5,4,5,19,0
491,6,85,323,2.917647059,14,7,2,3,8,17,0
492,13,321,1366,3.439252336,41,42,17,11,18,29,1
493,15,220,884,3.140909091,37,28,7,13,21,39,0
494,15,340,1397,3.326470588,49,35,15,13,16,34,1
495,29,296,1220,3.297297297,31,44,14,9,15,37,1
496,7,203,892,3.541871921,25,40,8,8,10,24,1
497,8,220,1019,3.709090909,32,20,9,16,27,46,0
498,13,293,1199,3.269624573,52,34,10,11,12,41,2
499,7,157,657,3.312101911,25,16,7,5,12,32,1
500,11,109,404,2.972477064,11,14,4,2,5,17,0
501,32,334,1398,3.44011976,44,42,9,10,27,39,3
502,17,215,950,3.581395349,29,29,10,10,17,20,1
503,14,204,901,3.558823529,34,27,12,7,7,29,2
504,20,329,1363,3.316109422,50,50,13,13,13,46,2
505,8,229,983,3.401746725,30,34,6,11,5,39,0
506,9,220,938,3.45,29,23,15,14,14,34,1
507,15,142,600,3.394366197,20,20,7,5,9,27,0
508,6,102,487,3.852941176,12,18,10,4,10,10,1
509,4,127,603,3.787401575,16,23,9,6,6,22,1
510,11,283,1225,3.473498233,45,36,12,9,20,41,1
511,35,309,1302,3.475728155,42,33,3,15,12,35,1
512,17,333,1578,3.843843844,52,55,17,16,19,47,0
513,5,78,337,3.41025641,9,14,3,3,3,14,1
514,6,110,521,3.836363636,13,17,4,5,8,17,0
515,11,154,651,3.344155844,23,23,7,4,6,25,1
516,13,218,917,3.344036697,33,32,10,10,15,32,6
517,4,49,231,3.87755102,5,11,3,2,2,5,0
518,3,174,729,3.25862069,30,27,4,11,4,37,2
519,7,145,617,3.386206897,19,25,3,8,2,27,0
520,11,157,740,3.802547771,26,22,8,5,7,21,4
521,4,110,473,3.381818182,18,12,3,6,3,21,1
522,27,400,1648,3.34,55,59,15,8,16,48,0
523,6,170,760,3.576470588,28,30,10,5,6,23,0
524,14,279,1127,3.189964158,48,36,15,12,17,47,0
525,12,192,763,3.104166667,18,33,10,11,5,25,0
526,10,114,485,3.456140351,15,17,8,3,2,15,0
527,2,44,215,3.954545455,8,8,1,0,0,5,0
528,5,130,586,3.561538462,17,15,10,5,9,17,1
529,15,260,1006,3.011538462,31,29,8,19,10,57,0
530,12,186,838,3.612903226,26,30,12,6,15,26,0
531,14,202,828,3.207920792,30,29,4,6,16,40,0
532,6,132,553,3.257575758,25,20,4,6,8,23,4
533,13,237,940,3.151898734,34,29,14,10,7,36,1
534,9,238,986,3.323529412,37,31,8,5,13,46,0
535,12,237,924,3.080168776,28,33,11,6,11,33,3
536,4,96,389,3.125,14,13,5,3,3,19,0
537,19,348,1423,3.316091954,53,42,12,18,15,29,0
538,4,54,231,3.481481481,9,9,2,0,1,11,0
539,21,242,986,3.289256198,44,29,6,7,18,36,0
540,4,75,315,3.266666667,15,12,3,2,3,14,0
541,10,166,718,3.457831325,15,24,13,2,5,28,1
542,1,147,683,3.693877551,18,20,4,14,15,24,2
543,28,411,1707,3.316301703,56,56,19,7,22,56,0
544,14,182,725,3.10989011,27,28,5,6,6,35,0
545,14,175,765,3.508571429,23,21,15,8,14,22,1
546,23,237,1010,3.421940928,31,36,10,6,20,35,1
547,9,153,642,3.352941176,24,20,9,7,3,28,0
548,20,312,1406,3.644230769,46,50,18,3,13,41,1
549,4,50,239,3.88,6,12,0,0,1,9,2
550,16,272,1170,3.477941176,44,44,11,11,9,44,2
551,7,169,698,3.24852071,30,17,12,7,8,32,0
552,27,382,1530,3.19895288,61,56,14,11,25,59,2
553,7,87,361,3.252873563,16,13,5,3,5,14,0
554,6,112,491,3.455357143,18,17,2,2,3,26,0
555,9,124,465,2.903225806,18,16,5,0,2,21,3
556,6,232,895,3.112068966,28,28,10,11,12,47,0
557,24,285,1206,3.375438596,47,37,17,9,13,44,2
558,1,116,511,3.534482759,8,18,7,1,4,28,2
559,20,354,1453,3.307909605,58,40,14,4,15,45,0
560,6,122,475,3.172131148,10,9,4,1,8,14,0
561,13,257,1059,3.221789883,40,30,12,7,14,39,0
562,11,171,697,3.233918129,26,18,6,5,13,31,1
563,21,275,1094,3.163636364,32,34,11,11,11,50,0
564,22,365,1530,3.309589041,65,48,9,21,26,65,0
565,10,207,913,3.516908213,27,30,6,6,8,30,2
566,34,435,1870,3.508045977,58,63,18,4,29,44,0
567,17,275,1200,3.469090909,38,32,15,7,15,45,1
568,9,108,429,3.12037037,16,11,3,2,7,10,0
569,11,269,1132,3.382899628,34,39,14,3,13,42,3
570,6,108,475,3.509259259,15,18,3,3,7,18,0
571,2,45,189,3.266666667,6,7,3,2,3,9,1
572,20,293,1312,3.607508532,40,36,11,7,28,38,0
573,5,91,395,3.450549451,12,16,8,2,5,12,0
574,9,139,595,3.438848921,16,18,8,5,9,20,0
575,9,89,383,3.471910112,11,14,3,2,9,9,0
576,9,325,1493,3.701538462,53,47,16,12,23,54,1
577,6,90,387,3.4,10,15,5,5,7,12,0
578,11,200,863,3.435,23,27,13,6,9,29,1
579,7,105,434,3.314285714,12,10,7,3,6,15,1
580,13,288,1138,3.159722222,47,35,9,9,13,35,0
581,5,166,700,3.343373494,18,18,13,10,8,29,0
582,1,57,266,3.719298246,5,8,6,3,2,11,0
583,17,307,1360,3.605863192,43,49,9,9,14,27,2
584,34,335,1324,3.11641791,48,40,12,10,13,58,0
585,30,429,1781,3.351981352,67,59,13,6,13,68,0
586,10,138,574,3.31884058,23,14,7,8,5,35,0
587,5,125,517,3.248,17,16,5,9,9,23,2
588,19,249,995,3.144578313,45,26,7,12,14,38,1
589,8,136,599,3.514705882,21,23,6,4,7,20,0
590,2,37,188,4.135135135,5,5,1,1,3,6,0
591,8,118,453,2.974576271,18,9,6,5,5,24,1
592,2,66,299,3.590909091,12,8,3,6,5,8,0
593,25,240,1014,3.433333333,35,40,7,5,8,35,0
594,10,121,496,3.314049587,17,21,8,3,9,13,0
595,4,80,337,3.3625,14,15,5,1,3,12,1
596,8,267,1091,3.235955056,37,30,13,2,12,42,1
597,9,96,412,3.427083333,13,10,10,10,1,18,0
598,5,138,552,3.166666667,24,12,3,6,4,33,1
599,7,95,392,3.252631579,15,12,3,4,9,18,2
600,8,113,469,3.283185841,16,13,7,2,5,15,0
601,30,349,1514,3.510028653,46,58,13,10,24,44,1
602,2,82,349,3.292682927,12,11,4,4,3,17,0
603,13,316,1459,3.708860759,57,39,15,14,16,56,0
604,18,168,691,3.244047619,19,18,15,0,8,23,0
605,8,147,622,3.37414966,21,25,7,3,8,18,1
606,6,92,358,3.119565217,13,13,5,3,5,10,0
607,11,157,679,3.439490446,24,22,9,3,9,28,0
608,7,116,456,3.112068966,19,19,0,3,7,21,1
609,20,261,1117,3.436781609,40,25,11,13,24,36,0
610,1,233,1119,3.836909871,32,40,14,9,26,28,0
611,22,268,1131,3.369402985,45,28,7,8,15,44,0
612,21,253,1032,3.185770751,47,30,5,12,14,57,4
613,7,74,313,3.459459459,6,10,0,1,3,6,0
614,22,326,1386,3.490797546,40,35,15,7,19,39,2
615,22,262,1063,3.244274809,40,33,9,9,10,34,4
616,8,142,572,3.112676056,30,15,4,6,8,30,0
617,5,140,601,3.392857143,19,21,4,7,12,19,1
618,6,53,231,3.490566038,7,11,1,0,3,8,1
619,12,221,991,3.678733032,38,30,5,4,4,28,1
620,2,49,207,3.306122449,12,7,1,4,1,9,0
621,17,405,1654,3.279012346,66,59,10,18,11,53,1
622,1,118,501,3.313559322,12,18,7,8,10,11,0
623,9,195,919,3.825641026,28,33,14,7,8,26,0
624,3,89,382,3.415730337,11,18,2,4,7,19,1
625,7,98,397,3.204081633,11,12,6,3,6,18,0
626,9,147,628,3.401360544,14,27,6,5,12,19,1
627,11,226,1036,3.836283186,31,17,12,5,14,22,1
628,4,83,350,3.34939759,9,13,4,0,2,13,1
629,9,190,797,3.347368421,32,28,2,3,5,29,4
630,12,133,467,2.593984962,9,15,4,3,4,21,1
631,10,62,217,2.822580645,4,6,4,2,1,5,0
632,8,88,443,4.147727273,11,19,3,1,7,7,0
633,16,281,1103,3.103202847,34,34,9,9,12,46,0
634,5,120,519,3.45,16,13,6,4,5,18,0
635,6,62,284,3.725806452,8,10,8,1,2,8,0
636,10,246,1165,3.784552846,36,41,18,13,15,35,2
637,8,145,743,4.227586207,23,25,6,2,8,14,0
638,23,254,1153,3.700787402,30,37,8,6,18,31,3
639,22,546,2381,3.485347985,82,71,22,19,32,100,3
640,16,183,809,3.546448087,15,25,15,4,16,24,0
641,19,273,1203,3.52014652,43,47,17,13,11,32,2
642,15,151,685,3.675496689,24,30,8,3,7,18,0
643,34,404,1728,3.477722772,46,54,20,10,21,54,0
644,8,215,966,3.590697674,25,34,11,14,13,31,1
645,26,348,1392,3.143678161,37,43,19,13,22,57,1
646,18,228,960,3.328947368,32,37,15,7,14,41,3
647,8,173,714,3.300578035,17,24,11,8,14,19,0
648,9,134,689,4.28358209,19,25,12,5,3,12,0
649,43,530,2234,3.550943396,67,45,9,12,20,34,2
650,19,368,1584,3.475543478,51,52,21,13,22,45,1
651,9,191,815,3.392670157,25,26,13,9,6,41,0
652,25,525,2276,3.571428571,69,70,19,12,24,40,7
653,16,183,810,3.557377049,27,38,3,6,10,28,1
654,4,143,605,3.41958042,27,17,5,4,7,17,3
655,19,234,951,3.324786325,34,13,10,5,15,41,0
656,1,84,366,3.511904762,17,14,1,4,2,17,2
657,9,111,457,3.252252252,14,17,9,4,4,18,0
658,20,304,1238,3.279605263,44,34,15,5,14,54,1
659,15,261,1138,3.501915709,44,42,9,14,5,36,0
660,15,137,487,2.941605839,18,8,3,0,3,14,0
661,11,176,781,3.528409091,27,26,6,4,16,23,0
662,13,175,782,3.6,22,27,15,2,13,27,0
663,14,238,1058,3.571428571,34,27,18,8,25,34,2
664,8,221,854,3.036199095,33,26,11,12,14,38,0
665,12,126,471,3.023809524,18,15,6,1,7,23,0
666,27,342,1432,3.307017544,55,30,21,8,39,55,2
667,4,114,554,3.973684211,17,15,6,6,11,19,0
668,8,173,705,3.219653179,20,24,6,3,8,23,2
669,24,408,1733,3.448529412,65,48,18,22,28,55,0
670,18,261,1073,3.252873563,29,40,12,11,11,44,0
671,30,537,2244,3.34264432,71,72,26,19,35,85,2
672,10,77,280,2.818181818,13,14,1,2,1,15,2
673,14,362,1628,3.629834254,45,48,16,12,18,32,2
674,10,180,716,3.122222222,22,22,16,7,1,30,1
675,6,70,294,3.328571429,9,7,2,1,2,11,0
676,15,211,896,3.417061611,23,32,13,7,13,22,0
677,26,365,1521,3.273972603,60,49,9,11,15,65,2
678,8,143,524,2.993006993,15,15,8,5,4,16,0
679,20,319,1443,3.655172414,41,44,16,15,26,53,2
680,22,226,938,3.327433628,27,35,9,3,9,39,0
681,9,269,1175,3.49070632,41,23,9,10,22,48,0
682,15,365,1562,3.369863014,52,51,16,16,27,63,4
683,5,80,331,3.275,14,11,3,2,8,16,1
684,14,228,988,3.464912281,31,22,12,10,16,41,1
685,13,188,761,3.228723404,30,26,2,9,19,32,0
686,7,191,853,3.570680628,27,25,7,11,15,42,0
687,10,155,666,3.425806452,16,25,6,3,7,21,1
688,28,458,1820,3.229257642,67,30,17,22,28,63,0
689,8,143,688,3.923076923,19,13,10,9,8,26,0
690,4,89,390,3.460674157,17,14,4,4,4,9,0
691,6,127,530,3.267716535,19,18,3,10,2,28,1
692,6,76,312,3.223684211,14,11,2,1,9,14,0
693,5,142,592,3.23943662,22,19,8,3,9,26,0
694,13,214,959,3.607476636,28,26,13,6,13,36,1
695,13,189,812,3.380952381,29,17,14,8,14,32,1
696,26,591,2332,3.147208122,92,54,16,11,22,105,2
697,11,257,1102,3.404669261,46,38,9,9,13,40,3
698,15,207,824,3.120772947,31,24,9,7,9,48,0
699,6,169,707,3.319526627,26,18,6,9,8,33,0
700,9,134,512,3.044776119,23,14,2,4,7,18,0
701,8,101,409,3.217821782,10,14,9,3,8,13,0
702,7,136,591,3.455882353,17,24,2,9,8,26,0
703,16,166,714,3.451807229,24,28,6,5,9,23,0
704,12,214,968,3.682242991,27,46,13,6,5,27,0
705,8,135,552,3.192592593,15,14,9,3,12,26,0
706,13,200,851,3.38,24,28,13,8,17,26,2
707,8,121,531,3.520661157,14,16,5,2,9,20,0
708,20,190,745,3.142105263,28,22,10,4,9,36,0
709,17,301,1351,3.671096346,41,45,12,7,8,26,3
710,4,157,672,3.375796178,20,19,8,11,7,26,2
711,10,130,544,3.292307692,14,16,11,5,7,23,2
712,5,78,385,4.038461538,14,15,2,2,0,10,1
713,8,94,385,3.223404255,15,14,1,4,11,8,0
714,24,363,1592,3.556473829,48,56,17,7,29,47,1
715,17,247,1009,3.28340081,33,35,13,10,19,50,0
716,10,160,710,3.55625,25,19,8,3,8,26,0
717,8,171,685,3.210526316,22,17,9,12,7,23,0
718,11,180,829,3.716666667,32,32,9,3,8,25,1
719,11,257,1086,3.365758755,37,34,13,12,13,42,2
720,5,135,578,3.414814815,14,19,7,4,4,21,0
721,7,192,834,3.442708333,28,29,9,11,10,27,0
722,14,231,1009,3.445887446,36,36,11,8,13,40,1
723,6,99,443,3.555555556,15,5,12,5,10,17,1
724,14,184,751,3.277173913,21,24,8,6,20,26,2
725,9,154,673,3.538961039,18,24,8,7,12,18,1
726,15,204,816,3.147058824,31,34,6,11,4,29,1
727,9,347,1449,3.250720461,46,50,8,16,24,46,1
728,9,233,967,3.369098712,32,37,5,7,3,26,1
729,14,259,1071,3.359073359,32,28,11,13,9,35,0
730,25,473,2042,3.414376321,72,86,16,17,28,70,1
731,20,237,993,3.329113924,39,27,13,9,15,41,0
732,10,115,511,3.573913043,17,11,10,4,11,24,0
733,8,190,764,3.1,30,20,14,8,10,41,1
734,16,325,1416,3.52,42,42,16,10,21,49,0
735,43,701,2819,3.256776034,97,85,28,26,39,90,6
736,3,61,260,3.37704918,12,12,1,2,0,13,1
737,10,163,715,3.484662577,17,29,10,7,11,25,0
738,5,189,768,3.26984127,29,25,5,7,7,32,1
739,9,145,616,3.4,21,20,7,3,6,22,2
740,9,151,656,3.483443709,14,19,12,10,19,17,0
741,9,138,569,3.268115942,17,27,1,9,6,22,2
742,19,332,1346,3.271084337,41,40,21,16,15,41,0
743,19,265,1206,3.426415094,30,31,19,6,14,38,0
744,18,245,1090,3.665306122,34,31,10,6,16,14,1
745,24,356,1607,3.691011236,49,38,27,17,12,46,0
746,7,118,494,3.279661017,19,14,6,3,7,19,2
747,6,114,524,3.736842105,16,20,4,2,3,25,0
748,7,208,923,3.572115385,28,35,7,7,9,34,1
749,10,290,1229,3.393103448,46,27,11,11,16,48,0
750,10,172,665,3.127906977,27,21,4,5,5,18,0
751,28,356,1509,3.384831461,42,46,24,11,10,54,5
752,20,287,1151,3.167247387,36,36,11,9,7,45,0
753,8,225,964,3.337777778,30,29,8,20,22,42,0
754,7,211,941,3.601895735,35,36,6,9,8,29,1
755,6,49,223,3.714285714,6,8,3,1,1,6,0
756,17,233,979,3.339055794,28,29,14,3,7,39,1
757,23,461,1926,3.414316703,48,59,36,10,24,40,0
758,8,134,584,3.52238806,14,18,7,3,14,20,0
759,7,133,526,3.022556391,13,25,8,2,4,18,1
760,13,168,699,3.285714286,27,25,7,6,11,26,1
761,22,288,1240,3.489583333,38,46,12,7,20,43,0
762,3,74,314,3.310810811,10,11,5,2,5,13,0
763,8,115,533,3.782608696,13,23,4,3,5,12,1
764,8,129,648,4.131782946,20,22,10,2,3,15,0
765,27,323,1305,3.173374613,45,29,23,5,15,63,3
766,8,140,603,3.385714286,17,22,9,6,6,19,3
767,19,365,1387,3.082191781,52,36,14,16,11,59,2
768,7,190,841,3.547368421,30,16,16,13,10,35,1
769,19,278,1127,3.471223022,43,27,6,7,9,21,1
770,10,291,1285,3.5395189,52,36,9,15,24,52,3
771,9,192,808,3.359375,20,29,13,7,10,36,0
772,5,99,408,3.252525253,12,16,3,4,0,13,0
773,20,246,1000,3.280487805,34,28,8,1,11,30,1
774,19,289,1148,3.197231834,45,42,11,5,8,41,3
775,15,178,688,3.005617978,16,25,14,3,9,22,0
776,14,155,604,3.148387097,21,11,6,5,6,27,0
777,12,252,1065,3.349206349,38,40,6,12,10,45,0
778,8,240,1058,3.495833333,30,37,12,11,16,40,3
779,5,224,960,3.428571429,32,25,13,10,16,33,2
780,15,204,851,3.333333333,33,31,3,5,5,30,0
781,32,415,1676,3.281927711,69,43,15,19,21,33,1
782,4,91,400,3.450549451,9,16,5,4,3,14,0
783,4,98,414,3.357142857,10,17,9,2,5,15,0
784,11,301,1265,3.255813953,52,43,6,18,25,61,2
785,8,162,704,3.5,27,29,6,4,6,20,0
786,14,298,1232,3.298657718,49,39,5,10,9,59,2
787,14,226,1073,3.89380531,31,30,7,10,12,33,2
788,13,420,1741,3.421428571,48,35,16,13,16,39,0
789,11,246,1127,3.678861789,25,32,24,14,19,45,0
790,4,31,131,3.419354839,5,2,2,3,0,7,0
791,3,61,258,3.278688525,10,10,1,1,1,12,0
792,10,165,766,3.781818182,29,31,12,10,4,30,0
793,14,259,1103,3.324324324,39,35,13,8,7,35,1
794,14,264,1081,3.378787879,24,21,16,2,19,26,1
795,8,167,727,3.419161677,20,28,10,4,14,29,1
796,20,383,1564,3.281984334,53,49,7,8,21,67,0
797,7,211,1005,3.862559242,32,44,10,7,11,35,0
798,24,422,1836,3.54028436,58,42,15,16,25,55,0
799,8,155,759,3.974193548,20,14,13,7,9,26,0
800,8,164,666,3.201219512,28,29,10,5,10,20,1
801,30,373,1622,3.506702413,47,48,25,14,11,50,1
802,5,61,241,3.06557377,6,12,3,1,0,10,0
803,19,225,966,3.471111111,35,25,9,7,13,35,0
804,18,264,1135,3.571969697,30,27,10,4,8,10,1
805,2,76,328,3.342105263,14,5,1,6,1,18,1
806,13,215,837,3.102325581,34,35,7,6,7,30,1
807,14,73,253,2.794520548,4,7,2,3,1,6,0
808,6,103,424,3.233009709,15,12,4,5,5,22,0
809,5,112,482,3.401785714,21,19,9,5,3,23,1
810,21,289,1240,3.539792388,37,34,16,4,21,31,0
811,22,353,1574,3.606232295,47,48,19,5,17,63,0
812,5,113,495,3.460176991,19,10,6,6,12,18,0
813,10,140,644,3.75,25,19,4,6,5,8,3
814,9,181,739,3.232044199,28,21,5,9,22,27,1
815,14,201,809,3.333333333,32,22,6,6,15,18,0
816,14,106,470,3.594339623,9,7,9,12,1,18,1
817,11,325,1430,3.655384615,37,31,14,6,21,35,1
818,10,150,631,3.433333333,23,17,6,2,2,19,2
819,3,35,143,3.285714286,4,3,2,4,2,3,0
820,20,268,1193,3.630597015,35,34,13,9,11,30,0
821,9,115,432,2.930434783,19,16,3,2,11,22,0
822,7,129,562,3.519379845,16,24,5,3,6,23,1
823,8,183,893,4.043715847,13,30,13,5,5,17,0
824,21,329,1409,3.407294833,47,38,20,18,27,54,0
825,6,128,548,3.4296875,18,23,2,5,5,25,0
826,4,101,408,3.158415842,21,13,5,3,2,21,0
827,36,466,1817,3.251072961,54,40,16,8,15,52,2
828,7,144,593,3.208333333,25,23,5,3,5,25,0
829,24,464,1953,3.435344828,63,55,20,7,27,55,1
830,8,134,648,3.940298507,24,24,8,2,3,22,0
831,6,101,433,3.405940594,11,18,5,4,1,17,1
832,5,75,309,3.28,7,12,5,1,0,8,0
833,28,363,1528,3.391184573,49,36,12,10,20,56,1
834,6,95,459,3.873684211,11,18,9,3,6,9,0
835,17,230,931,3.204347826,21,41,14,5,13,37,2
836,2,168,717,3.392857143,31,28,4,1,11,23,3
837,3,90,435,3.855555556,19,12,6,4,4,15,1
838,13,119,451,2.941176471,13,18,4,2,5,22,1
839,10,207,960,3.710144928,31,24,14,4,16,24,0
840,12,157,644,3.331210191,16,24,4,3,9,11,0
841,12,230,984,3.482608696,27,26,20,5,14,27,0
842,3,108,471,3.425925926,19,14,5,6,7,17,0
843,15,267,1135,3.370786517,37,46,10,7,14,38,0
844,19,324,1354,3.37037037,53,37,7,9,17,55,0
845,9,151,598,3.139072848,24,19,12,9,2,23,1
846,22,344,1502,3.5,51,45,19,12,20,47,3
847,14,202,853,3.386138614,27,30,13,7,7,26,1
848,20,271,1157,3.391143911,48,37,11,12,19,46,1
849,3,172,727,3.308139535,23,18,10,5,15,29,0
850,12,188,815,3.436170213,32,29,8,2,6,32,0
851,6,129,583,3.387596899,20,9,10,2,9,17,1
852,10,87,347,3.034482759,12,13,2,2,3,10,0
853,6,58,203,2.706896552,7,5,3,0,2,10,1
854,9,224,978,3.558035714,40,27,8,8,14,32,2
855,15,265,1093,3.256603774,37,35,16,15,6,44,10
856,18,450,2126,3.877777778,63,79,32,16,30,50,1
857,33,250,918,2.912,28,26,11,5,19,45,0
858,6,216,989,3.601851852,30,33,10,7,13,32,0
859,10,235,965,3.327659574,36,28,7,9,10,39,0
860,8,192,897,3.796875,34,23,8,10,24,23,1
861,15,276,1163,3.376811594,34,26,12,10,21,47,0
862,4,63,316,4.111111111,11,7,2,4,8,8,0
863,5,151,612,3.304635762,23,29,3,0,1,11,1
864,8,211,887,3.279620853,25,32,9,10,17,35,0
865,4,55,226,3.218181818,7,9,3,3,0,8,0
866,15,207,833,3.425120773,21,19,11,5,8,7,0
867,11,250,1021,3.32,34,36,7,2,5,29,0
868,9,180,743,3.216666667,28,20,7,5,12,34,0
869,14,125,527,3.472,15,16,9,5,6,14,0
870,13,136,566,3.286764706,18,19,10,2,13,31,2
871,7,86,368,3.453488372,16,10,2,1,2,16,0
872,10,145,617,3.4,19,20,3,8,8,25,3
873,18,321,1318,3.271028037,36,45,9,11,34,38,0
874,10,156,678,3.487179487,23,25,4,7,9,23,1
875,2,40,177,3.525,5,5,3,1,0,6,0
876,14,186,818,3.564516129,22,20,15,4,7,30,0
877,19,278,1047,3.028776978,32,33,5,5,3,29,0
878,10,232,1009,3.448275862,31,27,10,10,13,41,3
879,13,231,981,3.354978355,29,28,15,8,17,36,0
880,6,95,397,3.231578947,11,14,5,6,5,22,0
881,12,221,925,3.266968326,29,35,7,10,9,41,3
882,9,149,661,3.583892617,31,16,5,5,10,27,0
883,13,233,1001,3.493562232,24,27,12,7,21,37,0
884,12,181,817,3.640883978,15,30,13,4,12,25,0
885,12,229,1045,3.716157205,37,35,6,9,20,25,0
886,36,439,1854,3.384965831,56,66,15,14,26,56,0
887,9,147,679,3.714285714,23,19,11,8,13,24,0
888,17,232,950,3.211206897,33,29,10,8,24,41,1
889,14,297,1196,3.228956229,40,38,17,4,9,44,0
890,2,42,198,3.785714286,7,5,1,1,1,11,0
891,12,112,508,3.651785714,19,15,4,5,5,20,0
892,6,159,648,3.163522013,27,12,4,8,10,37,0
893,27,417,1892,3.618705036,54,67,22,18,34,62,0
894,16,283,1220,3.533568905,30,36,13,9,12,21,1
895,6,312,1467,3.810897436,40,41,10,7,21,48,0
896,16,238,982,3.260504202,49,31,5,15,18,49,1
897,6,123,544,3.520325203,21,15,4,5,10,22,0
898,14,237,889,2.983122363,33,18,7,6,7,38,1
899,8,189,886,3.825396825,26,31,15,5,14,21,0
900,20,329,1245,3.048632219,39,30,10,2,29,38,1
901,12,168,758,3.625,18,34,9,4,6,17,1
902,14,303,1342,3.551155116,45,37,16,6,24,54,0
903,9,137,601,3.547445255,21,28,5,3,4,18,0
904,8,127,535,3.456692913,21,20,3,6,4,9,1
905,23,291,1130,3.147766323,35,33,12,6,17,32,1
906,7,88,350,3.215909091,11,8,3,4,5,14,1
907,4,124,541,3.427419355,13,14,5,8,11,23,0
908,28,492,1980,3.329268293,69,61,21,13,19,51,3
909,14,262,1077,3.286259542,29,36,19,7,15,34,0
910,3,119,479,3.092436975,18,12,7,8,12,25,5
911,5,103,460,3.572815534,14,18,1,8,7,20,1
912,8,174,698,3.189655172,21,26,6,5,7,26,3
913,12,194,808,3.278350515,27,20,12,9,15,32,0
914,8,175,798,3.645714286,28,19,5,10,18,36,0
915,12,394,1649,3.383248731,54,50,14,11,13,35,3
916,10,207,925,3.599033816,26,22,9,7,8,30,2
917,26,383,1674,3.53002611,45,57,16,16,23,62,0
918,10,173,714,3.271676301,20,28,8,13,12,23,1
919,7,148,657,3.52027027,30,18,12,5,5,19,1
920,2,92,389,3.456521739,11,8,7,3,9,17,1
921,32,551,2394,3.5353902,75,78,34,13,24,52,2
922,7,127,550,3.448818898,24,19,4,4,8,18,2
923,1,52,277,4.403846154,9,10,0,4,0,12,0
924,13,251,965,3.111553785,33,23,4,4,7,36,0
925,15,224,917,3.334821429,31,21,6,12,8,23,1
926,8,163,685,3.404907975,19,19,9,5,14,20,0
927,14,255,1065,3.294117647,35,50,8,5,4,50,2
928,13,180,818,3.661111111,20,29,17,10,13,23,1
929,6,114,462,3.201754386,22,15,8,4,6,27,0
930,27,428,1893,3.602803738,67,49,16,8,21,67,0
931,15,223,953,3.385650224,28,33,5,2,20,39,1
932,8,136,551,3.154411765,16,27,9,2,4,27,0
933,16,195,824,3.471794872,20,12,10,5,15,27,1
934,3,152,669,3.513157895,23,26,8,0,7,17,0
935,9,156,714,3.737179487,15,26,9,4,6,14,2
936,4,127,560,3.488188976,22,19,10,3,6,14,1
937,3,33,139,3.333333333,4,6,3,1,1,6,0
938,4,151,634,3.364238411,20,23,2,0,4,22,0
939,3,154,667,3.448051948,21,18,4,6,10,23,1
940,16,330,1464,3.606060606,49,50,11,13,14,51,0
941,15,308,1440,3.75974026,50,55,20,12,13,37,1
942,6,100,451,3.66,21,16,4,2,4,13,0
943,11,198,860,3.449494949,39,23,5,6,18,34,0
944,9,98,413,3.357142857,15,18,5,5,1,17,1
945,1,172,802,3.686046512,30,19,6,17,9,27,0
946,2,33,140,3.303030303,3,6,2,1,0,4,0
947,22,253,973,3.098814229,30,32,10,3,16,25,0
948,7,117,518,3.581196581,15,14,7,10,8,12,1
949,13,154,620,3.168831169,23,20,4,4,14,32,4
950,26,401,1687,3.386533666,55,59,17,9,17,40,0
951,22,470,1839,3.187234043,59,41,10,20,18,70,5
952,6,96,410,3.375,11,12,5,9,6,15,1
953,13,199,933,3.844221106,25,25,15,5,12,24,3
954,16,183,759,3.31147541,21,28,8,5,8,26,0
955,11,205,910,3.575609756,21,43,7,6,10,30,2
956,7,176,730,3.295454545,27,24,7,12,10,33,7
957,19,316,1311,3.42721519,27,39,14,7,15,28,1
958,15,197,803,3.21319797,28,30,5,6,7,32,0
959,10,126,499,3.158730159,19,13,8,2,6,26,0
960,19,271,1122,3.298892989,37,32,8,8,16,50,0
961,18,295,1230,3.277966102,39,34,14,10,20,50,1
962,6,65,263,3.169230769,6,8,2,5,3,13,0
963,1,80,321,3.0625,10,10,6,2,6,10,1
964,20,333,1536,3.777777778,45,45,12,8,25,46,0
965,7,152,609,3.157894737,19,30,5,5,5,26,0
966,7,107,452,3.401869159,11,15,8,2,5,21,0
967,40,365,1467,3.320547945,45,49,20,10,16,49,0
968,18,299,1240,3.247491639,50,48,9,13,17,46,0
969,6,100,449,3.63,14,13,1,4,4,15,0
970,13,249,1064,3.429718876,36,36,12,16,23,30,2
971,2,79,323,3.202531646,17,12,5,1,3,15,1
972,10,145,623,3.4,18,18,10,7,14,22,1
973,5,74,292,3.135135135,9,11,4,2,0,11,0
974,11,250,1089,3.504,30,24,12,6,11,41,5
975,20,249,1043,3.341365462,40,27,10,14,23,44,0
976,5,82,352,3.536585366,5,15,1,2,4,9,1
977,9,208,827,3.1875,31,19,7,4,11,27,1
978,7,201,904,3.63681592,20,27,13,6,12,28,1
979,5,67,320,3.865671642,10,12,5,3,0,10,1
980,13,123,489,3.154471545,17,7,8,3,8,18,1
981,5,111,475,3.423423423,15,10,8,4,7,20,0
982,11,259,1145,3.494208494,36,25,15,18,27,36,0
983,6,130,577,3.523076923,25,15,5,4,8,18,1
984,8,103,469,3.669902913,10,17,3,3,8,15,1
985,12,341,1511,3.554252199,46,53,16,16,15,46,1
986,5,166,774,3.710843373,24,20,11,11,7,27,1
987,14,176,700,3.1875,17,33,12,8,8,24,1
988,20,253,1021,3.201581028,23,35,10,13,7,30,1
989,2,65,262,3.2,9,9,4,4,3,11,0
990,4,62,244,3.14516129,7,10,2,2,3,10,0
991,5,141,617,3.489361702,23,21,8,5,4,19,1
992,4,249,1128,3.578313253,22,50,15,9,15,28,3
993,7,118,560,3.855932203,17,21,2,2,1,16,0
994,6,114,445,3.043859649,17,20,3,2,10,26,1
995,9,168,746,3.541666667,25,30,12,4,5,20,0
996,2,56,241,3.357142857,9,8,2,7,1,9,0
997,9,292,1246,3.363013699,39,38,8,22,9,55,0
998,8,125,605,3.968,10,19,9,7,12,15,1
999,16,207,902,3.47826087,28,38,6,6,19,26,2
1000,20,369,1370,2.991869919,47,48,14,12,22,51,1
1001,10,180,716,3.105555556,27,29,5,7,10,29,0
1002,20,184,778,3.391304348,21,29,6,4,6,29,0
1003,5,91,362,3.142857143,13,17,5,5,4,12,0
1004,17,403,1581,3.161290323,63,56,11,10,18,58,0
1005,25,271,1091,3.169741697,41,23,18,1,14,53,1
1006,57,393,1212,2.511450382,28,29,5,7,10,33,4
1007,10,185,797,3.443243243,24,22,7,9,8,33,2
1008,14,218,904,3.325688073,29,28,8,10,16,40,0
1009,9,175,765,3.462857143,32,22,9,9,9,42,0
1010,4,114,430,2.99122807,13,12,3,4,1,20,1
1011,15,212,969,3.683962264,31,32,18,4,14,35,1
1012,5,167,725,3.491017964,27,26,2,9,2,25,0
1013,3,55,237,3.381818182,6,12,1,1,1,13,1
1014,13,182,757,3.373626374,30,14,9,5,11,33,2
1015,1,16,66,3.25,2,4,0,1,0,5,1
1016,15,251,1046,3.262948207,47,38,10,14,10,46,4
1017,29,496,2048,3.433467742,46,55,24,9,25,45,1
1018,4,59,276,3.813559322,9,8,1,4,2,12,0
1019,14,169,715,3.366863905,29,30,0,1,6,28,2
1020,14,314,1317,3.334394904,38,41,20,11,21,31,2
1021,30,439,1845,3.382687927,55,55,20,17,46,50,0
1022,12,143,586,3.244755245,19,18,0,7,10,22,1
1023,25,204,714,2.730392157,29,16,6,7,16,33,6
1024,7,203,777,3.157635468,23,19,7,6,6,24,0
1025,12,366,1597,3.50273224,45,61,12,22,11,47,0
1026,4,95,426,3.536842105,13,16,7,0,6,15,1
1027,25,210,883,3.485714286,25,26,13,6,7,21,2
1028,19,202,824,3.148514851,32,23,11,7,9,40,2
1029,11,182,829,3.642857143,36,22,8,9,8,25,0
1030,19,340,1430,3.447058824,39,47,17,8,15,27,2
1031,5,86,366,3.453488372,9,12,3,2,3,9,2
1032,11,227,902,3.118942731,43,17,10,5,13,47,1
1033,26,486,2166,3.606995885,75,83,26,15,26,61,0
1034,14,271,1094,3.184501845,50,23,8,22,25,47,1
1035,4,60,267,3.55,6,8,5,4,2,7,1
1036,7,111,434,3.108108108,11,10,6,1,7,13,0
1037,16,195,802,3.282051282,16,35,10,2,11,22,1
1038,22,350,1560,3.591428571,40,57,17,11,16,42,0
1039,2,56,305,4.517857143,13,9,3,2,0,7,0
1040,28,235,948,3.268085106,27,27,7,4,19,21,0
1041,12,192,785,3.229166667,30,26,9,7,6,26,1
1042,12,202,868,3.376237624,32,33,8,5,9,24,0
1043,13,232,936,3.198275862,34,24,13,10,17,35,4
1044,9,160,656,3.25,31,15,2,5,6,33,1
1045,13,172,726,3.389534884,17,24,10,7,12,19,1
1046,10,223,848,3.053811659,21,19,8,4,13,34,0
1047,8,112,443,3.151785714,11,11,6,2,5,17,1
1048,2,113,461,3.150442478,24,14,3,7,8,25,0
1049,2,147,648,3.455782313,24,30,3,10,13,19,1
1050,4,142,631,3.521126761,23,18,6,3,5,28,1
1051,5,97,398,3.226804124,13,14,1,1,5,18,2
1052,2,279,1251,3.53046595,38,45,15,16,19,45,4
1053,7,194,794,3.268041237,24,31,4,13,4,25,2
1054,15,238,967,3.159663866,34,33,16,5,13,38,0
1055,2,121,559,3.710743802,14,21,5,2,6,18,0
1056,20,258,1098,3.434108527,33,35,12,7,11,43,0
1057,28,517,2219,3.433268859,78,68,26,25,34,66,0
1058,9,106,452,3.452830189,18,21,3,4,3,15,1
1059,8,112,493,3.517857143,18,17,4,3,4,23,0
1060,21,243,1000,3.29218107,32,37,11,10,11,30,2
1061,13,182,790,3.521978022,27,33,12,5,7,17,3
1062,15,195,842,3.451282051,24,31,9,4,10,23,0
1063,6,201,878,3.467661692,23,28,15,12,11,35,3
1064,1,6,23,3.166666667,1,1,0,0,0,1,0
1065,9,116,489,3.327586207,21,14,7,4,6,16,0
1066,9,159,702,3.496855346,26,25,13,6,4,19,0
1067,27,476,2028,3.399159664,59,78,12,16,33,68,2
1068,11,201,900,3.532338308,25,38,14,9,10,21,1
1069,5,111,476,3.378378378,19,14,6,2,4,24,0
1070,18,249,1124,3.662650602,40,31,19,9,2,27,1
1071,10,117,490,3.341880342,12,13,8,5,6,14,0
1072,15,167,706,3.359281437,27,23,3,7,13,36,0
1073,12,162,572,2.975308642,14,11,3,2,2,12,1
1074,1,57,257,3.561403509,6,7,4,1,5,10,0
1075,7,150,616,3.2,28,21,5,6,17,25,1
1076,18,236,1052,3.618644068,29,37,7,8,15,35,2
1077,5,187,795,3.411764706,28,22,11,4,17,27,0
1078,10,179,811,3.648044693,25,25,14,7,12,20,0
1079,31,426,1857,3.502347418,67,73,9,18,10,54,0
1080,13,398,1734,3.427135678,68,65,16,25,13,72,3
1081,33,509,2113,3.294695481,70,67,25,21,22,88,1
1082,7,71,298,3.323943662,14,11,3,3,0,20,0
1083,4,165,731,3.581818182,10,24,8,5,8,20,0
1084,19,336,1492,3.5625,51,62,11,13,18,48,6
1085,8,172,751,3.453488372,24,21,6,7,9,39,0
1086,2,160,703,3.36875,22,30,8,11,15,29,1
1087,6,150,689,3.666666667,24,27,11,7,5,28,2
1088,17,252,1141,3.662698413,30,27,18,7,10,42,0
1089,11,224,916,3.299107143,29,36,4,6,12,29,1
1090,4,209,876,3.244019139,31,29,9,9,8,50,0
1091,2,81,362,3.530864198,11,9,4,0,3,15,3
1092,3,251,1210,3.868525896,43,41,15,14,13,46,5
1093,13,255,1047,3.254901961,45,24,6,9,19,47,2
1094,6,91,409,3.593406593,15,11,5,8,5,13,0
1095,5,92,414,3.619565217,12,16,7,5,2,18,0
1096,16,344,1510,3.543604651,41,45,18,14,20,52,1
1097,17,325,1234,3.012307692,48,33,18,10,14,42,2
1098,26,303,1238,3.250825083,37,37,9,7,14,49,2
1099,21,392,1634,3.375,51,52,20,19,20,55,1
1100,11,209,871,3.263157895,33,29,13,9,8,36,1
1101,7,136,589,3.448529412,22,18,6,5,2,21,3
1102,6,93,391,3.333333333,11,17,2,5,4,14,0
1103,6,199,806,3.140703518,29,25,7,9,10,41,1
1104,9,133,555,3.353383459,23,21,3,5,6,21,2
1105,19,238,1053,3.617647059,38,27,14,8,17,32,1
1106,10,142,602,3.38028169,21,23,2,6,5,23,1
1107,13,234,1071,3.735042735,42,35,10,11,4,43,1
1108,5,153,725,3.836601307,29,19,4,9,11,24,0
1109,8,127,442,2.700787402,20,6,3,3,9,24,1
1110,1,36,176,3.916666667,7,7,0,1,3,7,1
1111,11,143,635,3.587412587,22,20,2,6,6,16,2
1112,38,526,2137,3.258555133,68,72,27,15,31,73,2
1113,16,190,742,3.094736842,37,15,5,6,10,35,1
1114,5,35,141,3.314285714,6,2,0,1,2,8,0
1115,3,93,391,3.311827957,17,13,4,8,5,13,0
1116,28,360,1467,3.269444444,49,34,25,11,23,75,0
1117,10,150,604,3.266666667,16,17,5,6,8,10,0
1118,12,182,826,3.653846154,17,31,11,6,10,18,0
1119,6,79,356,3.670886076,5,12,7,2,3,6,1
1120,5,140,592,3.335714286,24,19,8,8,5,31,1
1121,10,215,908,3.311627907,34,32,7,17,11,42,1
1122,12,291,1257,3.457044674,44,33,24,16,21,52,2
1123,12,190,836,3.563157895,29,22,6,8,7,36,2
1124,10,122,489,3.172131148,19,25,2,1,3,13,0
1125,25,291,1152,3.216494845,47,30,11,8,14,43,1
1126,3,122,492,3.139344262,17,18,3,7,11,21,0
1127,6,130,466,2.830769231,25,13,4,1,9,27,1
1128,21,282,1087,3.085106383,40,36,9,11,12,44,2
1129,11,161,697,3.440993789,21,27,7,5,11,21,1
1130,7,148,749,4.162162162,18,22,13,8,5,20,1
1131,9,203,890,3.487684729,27,36,8,8,9,29,0
1132,13,120,527,3.566666667,15,18,1,2,10,16,0
1133,8,100,440,3.51,10,18,5,5,5,13,0
1134,3,158,653,3.291139241,20,23,2,9,11,28,0
1135,13,151,668,3.536423841,23,11,9,1,21,25,1
1136,6,110,459,3.3,13,18,3,2,5,15,0
1137,14,140,629,3.614285714,20,25,4,5,8,29,0
1138,2,118,520,3.491525424,21,21,3,1,1,22,0
1139,7,237,1042,3.455696203,37,37,7,18,12,35,1
1140,11,242,1087,3.623966942,26,43,14,9,14,45,0
1141,16,251,1127,3.665338645,34,39,15,8,10,25,1
1142,7,62,229,2.919354839,5,12,2,0,1,6,0
1143,12,142,581,3.232394366,18,19,9,4,9,24,1
1144,11,231,923,3.177489177,33,28,10,4,5,28,2
1145,14,219,1054,3.926940639,32,40,11,8,12,33,0
1146,10,177,745,3.316384181,26,29,12,11,9,24,0
1147,22,368,1513,3.296195652,52,47,15,19,17,60,1
1148,8,98,430,3.510204082,16,7,7,4,5,20,0
1149,11,121,508,3.305785124,19,18,5,2,1,23,0
1150,11,192,807,3.307291667,31,33,6,8,10,26,1
1151,8,97,449,3.855670103,12,11,4,2,3,10,1
1152,3,150,591,3.08,23,29,3,7,3,24,1
1153,17,418,1864,3.552631579,81,69,10,21,24,68,6
1154,19,306,1427,3.758169935,40,63,9,11,16,50,1
1155,14,206,796,3.087378641,24,25,4,2,9,30,1
1156,11,261,1189,3.636015326,45,37,11,17,21,37,1
1157,12,229,910,3.100436681,36,30,8,10,21,34,3
1158,15,170,694,3.217647059,23,23,11,4,9,21,1
1159,7,107,438,3.214953271,17,9,2,6,12,21,0
1160,4,101,465,3.732673267,16,13,4,5,1,11,0
1161,5,59,227,2.915254237,9,8,4,2,0,16,0
1162,30,522,2180,3.365900383,62,56,27,25,32,75,0
1163,9,144,697,3.916666667,24,23,4,5,11,20,1
1164,7,105,432,3.228571429,14,16,7,4,6,18,0
1165,8,125,540,3.456,21,16,5,7,9,17,0
1166,3,79,352,3.569620253,14,5,5,5,10,15,1
1167,7,103,465,3.650485437,15,15,8,1,2,13,1
1168,1,99,418,3.232323232,22,11,4,8,5,16,0
1169,1,46,211,3.673913043,9,3,3,4,0,10,0
1170,4,138,656,3.797101449,21,19,6,7,5,38,4
1171,4,150,662,3.473333333,27,26,2,9,9,20,0
1172,3,55,249,3.581818182,8,6,6,2,3,12,1
1173,20,223,887,3.251121076,28,27,10,6,8,23,1
1174,16,252,1075,3.353174603,42,27,16,5,13,47,0
1175,18,198,860,3.454545455,29,28,15,8,12,27,1
1176,10,219,1037,3.867579909,32,34,10,5,9,31,3
1177,24,433,1919,3.595842956,51,58,20,21,18,66,2
1178,9,140,601,3.4,15,26,9,7,6,22,0
1179,11,176,785,3.659090909,23,21,11,12,3,17,0
1180,9,127,505,3.11023622,20,20,4,3,3,19,1
1181,13,246,1174,3.910569106,37,46,15,8,15,26,0
1182,22,297,1306,3.518518519,40,42,25,17,18,48,2
1183,8,93,408,3.505376344,18,11,2,2,6,17,0
1184,12,409,1626,3.268948655,44,44,14,16,18,39,1
1185,2,84,351,3.333333333,9,15,4,3,6,8,0
1186,26,319,1337,3.360501567,35,49,15,9,24,31,2
1187,5,102,414,3.196078431,12,16,3,2,7,11,0
1188,16,293,1186,3.197952218,46,28,8,15,19,60,1
1189,7,119,495,3.226890756,19,13,7,7,8,23,1
1190,8,133,587,3.533834586,17,19,1,5,9,20,0
1191,15,147,535,2.816326531,21,21,3,4,10,32,1
1192,7,107,492,3.757009346,9,25,9,7,3,5,0
1193,18,214,930,3.476635514,29,36,6,8,14,33,1
1194,32,432,1732,3.150462963,68,44,16,15,15,109,1
1195,11,177,745,3.372881356,18,26,9,5,11,21,1
1196,9,252,1126,3.547619048,39,44,12,14,13,46,1
1197,2,104,426,3.182692308,20,16,3,2,8,24,0
1198,6,136,576,3.375,15,20,4,5,10,21,0
1199,14,163,684,3.36196319,22,28,11,4,12,20,0
1200,2,82,403,3.975609756,9,16,8,0,7,7,0
1201,11,202,888,3.534653465,25,40,5,10,6,32,1
1202,12,219,987,3.625570776,24,28,14,10,8,34,0
1203,5,100,394,3.12,11,9,4,2,6,15,1
1204,7,153,669,3.444444444,26,17,9,3,14,30,0
1205,14,152,694,3.730263158,21,16,7,3,4,25,0
1206,8,76,314,3.315789474,12,10,3,3,8,11,1
1207,8,144,640,3.583333333,16,24,5,6,9,17,0
1208,17,193,808,3.341968912,17,28,14,5,12,29,3
1209,25,449,1899,3.414253898,56,55,29,19,18,62,1
1210,12,127,513,3.157480315,22,8,6,1,9,23,1
1211,12,176,695,3.198863636,21,21,6,3,7,32,0
1212,6,143,666,3.734265734,16,30,9,10,8,22,0
1213,3,63,241,2.936507937,11,6,3,3,5,12,0
1214,20,226,896,3.194690265,32,23,9,11,6,28,0
1215,3,43,186,3.395348837,4,6,3,1,2,5,0
1216,8,142,673,3.85915493,24,17,12,8,6,25,1
1217,5,90,387,3.488888889,13,9,3,2,4,14,2
1218,6,73,314,3.506849315,10,9,4,0,11,14,0
1219,8,176,765,3.482954545,28,19,6,11,19,27,0
1220,20,312,1336,3.371794872,53,42,12,17,25,54,0
1221,8,125,553,3.576,22,21,3,4,10,18,0
1222,17,255,1051,3.254901961,35,40,12,4,15,37,1
1223,14,148,599,3.162162162,27,16,9,3,1,24,3
1224,34,423,1650,3.120567376,52,55,12,5,20,46,2
1225,9,122,514,3.368852459,14,9,7,3,6,23,2
1226,15,185,772,3.454054054,23,30,13,8,10,10,2
1227,17,219,834,3,29,26,9,4,21,36,0
1228,11,181,774,3.419889503,22,22,9,9,9,28,1
1229,19,324,1297,3.194444444,51,37,9,18,30,51,0
1230,11,247,1032,3.344129555,24,34,6,10,24,32,1
1231,25,470,2092,3.619148936,62,62,18,18,20,72,0
1232,14,242,1057,3.516528926,30,36,15,10,21,38,4
1233,18,251,1117,3.553784861,51,41,9,8,20,33,1
1234,11,223,990,3.538116592,34,44,11,10,9,43,0
1235,14,278,1241,3.737410072,30,30,12,7,10,23,2
1236,24,308,1282,3.321428571,44,34,13,9,21,52,0
1237,9,109,451,3.311926606,13,14,5,2,9,15,1
1238,11,132,586,3.583333333,23,18,8,2,4,16,0
1239,20,257,1120,3.513618677,34,42,15,9,14,36,1
1240,14,178,772,3.488764045,28,26,8,5,11,27,1
1241,15,278,1166,3.431654676,31,46,10,11,9,13,0
1242,13,175,701,3.142857143,20,33,8,12,2,29,0
1243,20,274,1195,3.474452555,41,34,8,13,32,45,0
1244,8,274,1174,3.335766423,39,35,16,4,16,60,0
1245,34,369,1504,3.346883469,54,32,4,13,7,39,0
1246,26,352,1442,3.232954545,45,37,16,8,33,57,2
1247,10,121,533,3.58677686,17,13,10,3,4,13,1
1248,13,254,1171,3.696850394,39,34,15,13,19,37,2
1249,21,467,1991,3.376873662,81,54,13,22,29,79,3
1250,12,152,645,3.394736842,20,13,12,4,13,20,0
1251,10,221,926,3.325791855,22,28,5,9,8,35,1
1252,3,46,188,3.217391304,9,7,1,1,5,7,0
1253,1,125,528,3.352,16,20,7,7,1,16,0
1254,2,60,229,3.066666667,4,4,0,2,3,7,0
1255,18,312,1272,3.243589744,47,28,19,12,26,43,1
1256,13,245,1038,3.408163265,27,39,5,7,4,30,3
1257,4,160,690,3.38125,24,23,7,7,9,31,2
1258,5,134,552,3.194029851,20,16,11,6,1,23,5
1259,7,103,427,3.300970874,13,10,8,3,4,16,1
1260,15,300,1209,3.15,45,38,12,14,18,47,2
1261,5,102,438,3.421568627,15,15,2,5,8,18,0
1262,25,364,1413,3.07967033,39,51,15,16,11,55,1
1263,14,141,515,2.843971631,14,19,4,3,5,20,0
1264,2,108,449,3.25,10,9,5,6,13,20,0
1265,7,202,820,3.202970297,32,26,7,9,9,22,2
1266,23,234,872,2.961538462,27,26,12,7,14,35,1
1267,16,238,943,3.138655462,39,24,8,9,8,41,1
1268,12,282,1172,3.265957447,34,32,22,13,16,43,3
1269,17,204,864,3.382352941,38,18,6,10,19,31,0
1270,22,249,988,3.176706827,31,16,12,2,20,39,0
1271,22,260,1127,3.461538462,38,31,22,12,8,28,1
1272,12,247,1049,3.348178138,35,35,11,8,10,40,2
1273,25,307,1338,3.530944625,37,33,18,9,22,46,0
1274,9,243,893,2.909465021,36,24,7,9,8,39,2
1275,23,379,1586,3.37994723,53,48,22,14,21,56,2
1276,24,207,835,3.198067633,31,31,19,6,9,36,1
1277,5,116,551,3.818965517,17,20,0,4,12,15,0
1278,2,125,541,3.424,19,23,3,2,5,16,1
1279,8,134,597,3.597014925,25,24,4,3,6,22,0
1280,16,298,1305,3.473154362,48,30,15,10,20,65,0
1281,6,140,640,3.664285714,19,17,11,8,6,31,2
1282,23,291,1189,3.223367698,55,29,8,11,29,47,0
1283,14,158,593,2.886075949,10,22,1,7,11,25,7
1284,6,132,521,3.136363636,7,19,8,5,4,14,0
1285,11,155,666,3.483870968,21,17,11,5,5,20,0
1286,14,130,438,2.661538462,15,11,4,4,4,19,0
1287,23,287,1288,3.571428571,38,41,19,13,18,39,1
1288,9,149,640,3.389261745,18,15,11,6,17,33,0
1289,27,240,917,3.083333333,34,23,11,2,20,45,1
1290,10,159,671,3.333333333,23,31,6,7,10,23,3
1291,13,171,741,3.467836257,28,32,5,9,8,24,1
1292,18,320,1405,3.496875,43,39,20,13,11,56,3
1293,14,298,1281,3.446308725,51,31,6,8,13,35,1
1294,13,239,988,3.263598326,26,35,9,7,9,39,3
1295,6,157,640,3.229299363,28,17,8,12,13,21,0
1296,20,301,1292,3.388704319,45,39,12,9,14,72,2
1297,22,416,1749,3.389423077,70,59,20,18,17,60,0
1298,21,408,1753,3.504901961,48,55,26,17,15,52,4
1299,10,193,853,3.544041451,37,28,2,11,15,27,0
1300,10,285,1138,3.249122807,40,32,13,11,13,39,0
1301,12,240,1008,3.458333333,35,26,9,10,14,24,0
1302,9,149,634,3.416107383,11,26,9,9,10,22,0
1303,14,255,1110,3.501960784,28,41,13,8,20,29,1
1304,11,155,625,3.180645161,25,28,9,1,4,26,0
1305,38,413,1698,3.249394673,68,59,13,16,26,60,1
1306,5,168,699,3.244047619,29,25,7,9,14,24,1
1307,11,127,532,3.299212598,19,17,6,1,10,22,0
1308,42,487,2060,3.470225873,63,64,18,18,23,53,0
1309,7,77,321,3.285714286,10,8,4,2,8,8,1
1310,12,187,762,3.22459893,24,22,11,7,11,30,0
1311,7,125,575,3.752,18,22,3,2,5,24,0
1312,8,143,726,4.216783217,24,12,13,10,7,13,0
1313,16,171,675,3.093567251,35,24,3,4,5,36,1
1314,13,230,903,3.12173913,33,17,11,10,15,35,0
1315,7,98,434,3.612244898,17,9,6,1,5,15,3
1316,12,210,881,3.304761905,40,26,2,6,16,35,0
1317,19,224,935,3.357142857,25,36,12,4,8,24,0
1318,5,121,508,3.347107438,15,18,3,5,5,16,0
1319,14,235,888,2.94893617,33,29,10,3,13,43,0
1320,8,170,731,3.411764706,27,28,9,5,7,30,0
1321,11,200,860,3.46,28,31,8,7,12,33,1
1322,12,189,808,3.46031746,25,23,15,5,10,22,0
1323,9,220,925,3.259090909,38,31,7,18,8,49,1
1324,17,193,811,3.305699482,32,26,10,6,11,31,3
1325,2,261,1043,3.103448276,64,24,8,12,14,66,7
1326,10,154,626,3.162337662,20,18,7,11,4,33,2
1327,19,265,1208,3.705660377,46,42,10,13,13,40,1
1328,12,157,770,4.025477707,21,25,8,6,10,17,1
1329,7,83,383,3.722891566,13,11,4,1,5,16,0
1330,11,193,861,3.564766839,36,31,1,9,3,34,1
1331,7,106,483,3.70754717,10,11,11,2,7,19,1
1332,10,126,517,3.285714286,17,16,10,5,7,21,0
1333,11,214,920,3.425233645,28,37,10,4,9,32,1
1334,12,131,589,3.610687023,19,18,8,3,5,22,0
1335,6,70,309,3.528571429,8,11,6,0,4,10,1
1336,23,375,1592,3.44,43,43,20,10,23,47,5
1337,35,539,2267,3.46567718,80,78,11,13,14,60,5
1338,33,532,1983,3.041353383,56,44,26,15,26,71,0
1339,34,268,893,2.626865672,23,23,10,8,5,37,0
1340,11,249,1100,3.550200803,33,25,5,5,19,40,2
1341,5,104,482,3.721153846,19,11,3,2,8,22,3
1342,15,156,570,2.884615385,17,16,6,5,7,25,1
1343,7,134,564,3.402985075,19,10,9,6,8,23,2
1344,3,162,672,3.209876543,17,18,9,19,4,31,0
1345,5,65,251,3.123076923,6,8,5,0,0,8,0
1346,6,164,652,3.12195122,23,17,11,10,10,32,0
1347,12,191,787,3.314136126,23,29,6,7,6,29,1
1348,7,75,287,3.013333333,9,10,2,0,5,10,1
1349,13,168,703,3.25,26,24,8,8,8,26,2
1350,6,140,591,3.285714286,25,14,7,11,9,25,1
1351,12,126,543,3.388888889,15,14,9,5,4,23,1
1352,8,74,257,2.72972973,8,5,4,3,6,13,1
1353,4,106,445,3.311320755,17,19,5,2,4,20,0
1354,3,67,281,3.313432836,10,11,3,2,2,11,2
1355,19,243,1033,3.440329218,41,31,12,9,19,33,0
1356,6,123,498,3.162601626,21,15,4,4,3,21,2
1357,7,187,759,3.165775401,32,18,8,14,11,34,3
1358,17,239,968,3.209205021,29,37,11,3,12,38,2
1359,11,230,982,3.473913043,26,36,13,7,15,31,0
1360,14,262,1160,3.541984733,33,52,8,14,15,33,2
1361,7,178,690,3.04494382,25,20,9,3,8,36,3
1362,8,101,388,3.04950495,10,9,11,1,5,12,0
1363,4,174,643,2.925287356,28,11,5,5,17,33,3
1364,2,123,542,3.479674797,14,20,4,6,8,20,1
1365,7,150,681,3.593333333,23,23,7,10,6,24,2
1366,26,404,1780,3.589108911,42,56,16,6,14,56,2
1367,8,238,989,3.31092437,38,24,11,7,19,42,1
1368,11,159,714,3.578616352,29,23,4,7,9,28,0
1369,6,108,453,3.268518519,17,14,3,2,2,24,1
1370,18,347,1464,3.400576369,48,47,12,15,21,46,3
1371,2,151,678,3.556291391,18,34,6,13,4,25,0
1372,3,42,179,3.357142857,3,7,4,0,5,7,0
1373,7,104,427,3.288461538,12,14,5,4,13,16,0
1374,26,239,992,3.334728033,31,43,11,2,17,39,0
1375,17,220,951,3.468181818,30,25,14,9,14,35,1
1376,2,43,173,3.186046512,7,9,1,1,0,7,0
1377,6,152,672,3.657894737,21,24,2,4,7,16,1
1378,26,414,1916,3.729468599,65,62,15,23,25,51,2
1379,4,144,585,3.215277778,16,15,6,4,8,22,1
1380,7,98,421,3.408163265,17,18,3,3,5,14,0
1381,2,49,215,3.448979592,10,7,1,2,1,11,0
1382,18,293,1320,3.627986348,49,44,9,7,13,45,1
1383,18,355,1516,3.371830986,45,43,21,11,24,68,1
1384,8,189,786,3.306878307,32,22,4,11,15,37,1
1385,7,82,353,3.487804878,13,11,5,1,1,15,0
1386,24,291,1225,3.340206186,41,38,19,6,18,57,0
1387,9,207,943,3.714975845,24,30,11,5,11,28,1
1388,15,234,1016,3.534188034,34,33,15,7,9,30,0
1389,20,229,918,3.144104803,31,30,16,1,11,40,3
1390,4,74,307,3.256756757,12,6,3,3,4,16,0
1391,4,39,189,3.974358974,2,6,5,5,2,4,0
1392,21,263,1046,3.133079848,39,30,5,4,14,45,0
1393,3,61,288,3.786885246,8,10,2,3,2,10,0
1394,6,75,306,3.266666667,8,14,2,3,6,11,2
1395,8,122,543,3.540983607,17,14,9,6,7,17,0
1396,3,52,224,3.442307692,9,6,2,2,0,11,0
1397,4,72,271,3.013888889,8,8,1,2,6,7,0
1398,21,342,1394,3.447368421,41,31,12,7,23,21,1
1399,14,300,1239,3.24,45,52,6,17,14,43,2
1400,13,224,903,3.214285714,26,30,12,4,14,34,1
1401,30,323,1351,3.393188854,45,32,17,4,24,44,0
1402,8,155,674,3.541935484,23,27,6,4,5,20,2
1403,2,260,1277,3.95,39,41,11,6,27,37,1
1404,6,75,304,3.2,9,6,5,5,4,9,0
1405,8,119,528,3.605042017,15,14,8,4,8,15,0
1406,24,329,1462,3.547112462,44,39,28,11,23,59,0
1407,9,108,456,3.351851852,15,18,4,3,5,15,1
1408,9,181,776,3.464088398,18,22,9,5,11,13,0
1409,7,219,931,3.342465753,20,32,13,10,18,33,0
1410,4,89,352,3.08988764,13,11,1,6,11,13,2
1411,12,167,696,3.449101796,28,21,5,4,6,24,0
1412,6,160,741,3.74375,25,34,11,9,4,20,1
1413,1,59,247,3.203389831,7,11,3,1,1,8,0
1414,7,118,478,3.186440678,19,13,6,1,5,22,1
1415,32,590,2609,3.574576271,76,100,29,14,30,68,2
1416,11,220,950,3.409090909,37,32,10,12,10,40,0
1417,11,149,580,3.067114094,20,14,10,6,14,24,0
1418,2,72,322,3.458333333,10,12,4,7,1,9,2
1419,5,75,369,4.066666667,7,14,5,1,7,7,0
1420,6,98,411,3.367346939,13,14,3,2,3,17,0
1421,12,185,768,3.254054054,28,23,11,6,7,23,0
1422,11,322,1337,3.304347826,28,59,8,9,19,34,2
1423,7,109,463,3.330275229,15,17,3,6,4,15,0
1424,4,147,695,3.802721088,25,25,9,8,5,22,0
1425,16,190,797,3.326315789,26,38,8,6,6,27,1
1426,11,198,850,3.414141414,36,16,11,9,17,37,2
1427,5,116,538,3.74137931,12,22,9,5,4,15,0
1428,13,292,1242,3.345890411,51,32,8,17,27,62,2
1429,2,73,306,3.219178082,15,6,2,7,5,17,1
1430,13,204,932,3.671568627,29,33,12,9,11,30,0
1431,13,352,1551,3.534090909,49,56,11,11,18,55,1
1432,19,337,1497,3.620178042,47,48,10,17,23,28,0
1433,7,132,618,3.78030303,19,17,11,5,7,21,1
1434,10,159,697,3.452830189,19,23,12,11,10,24,0
1435,8,147,562,3.108843537,12,20,8,4,9,19,0
1436,10,218,1004,3.770642202,27,23,13,9,11,26,1
1437,6,100,425,3.35,15,9,9,2,5,26,0
1438,25,452,1913,3.42920354,59,56,20,13,17,50,0
1439,10,234,957,3.213675214,32,34,6,10,18,36,0
1440,12,136,607,3.602941176,17,16,9,4,11,23,1
1441,5,57,270,3.824561404,9,7,1,0,3,12,2
1442,9,164,753,3.756097561,16,27,6,7,3,16,0
1443,28,436,1823,3.314220183,61,53,23,15,19,58,0
1444,11,82,309,2.951219512,10,10,3,0,3,15,0
1445,18,240,927,3.116666667,29,22,8,11,9,24,4
1446,7,70,287,3.228571429,11,10,3,1,4,15,0
1447,10,220,907,3.268181818,27,32,9,8,8,27,1
1448,7,115,475,3.330434783,15,18,3,10,4,13,0
1449,12,246,1013,3.219512195,42,32,7,10,10,45,2
1450,7,88,357,3.238636364,8,12,2,0,0,22,0
1451,19,297,1108,3.026936027,35,33,8,4,14,32,2
1452,3,69,324,3.826086957,7,12,5,2,4,10,0
1453,8,248,1074,3.379032258,35,29,13,16,21,42,1
1454,6,128,525,3.203125,17,20,5,4,8,18,1
1455,8,167,717,3.425149701,26,19,13,7,4,30,0
1456,6,79,296,2.974683544,8,12,3,5,7,13,2
1457,43,514,2186,3.53307393,59,57,21,20,25,28,2
1458,8,177,773,3.548022599,20,28,7,8,8,19,1
1459,19,226,936,3.314159292,26,23,16,7,13,36,0
1460,27,242,862,2.826446281,28,25,8,15,17,30,1
1461,6,183,682,3,16,17,8,5,7,17,1
1462,19,267,1165,3.558052434,35,41,14,8,10,31,0
1463,10,116,410,2.836206897,9,11,4,2,6,10,0
1464,14,201,776,2.995024876,21,25,9,9,13,34,0
1465,9,128,598,3.8046875,21,20,7,3,1,20,0
1466,1,20,81,3.2,1,3,1,0,2,4,0
1467,21,251,1010,3.231075697,29,26,11,7,13,39,2
1468,5,62,310,4.096774194,7,6,8,1,4,11,1
1469,6,88,373,3.431818182,13,12,5,7,9,12,1
1470,2,181,770,3.436464088,20,22,5,10,6,19,0
1471,12,180,908,4.138888889,28,27,14,9,10,27,1
1472,5,138,562,3.304347826,19,8,4,4,8,22,1
1473,18,245,1040,3.375510204,41,27,10,7,20,44,0
1474,15,187,782,3.390374332,36,29,4,4,6,31,1
1475,13,174,763,3.534482759,27,24,8,6,7,27,0
1476,26,446,1883,3.376681614,61,53,30,13,29,59,1
1477,4,131,561,3.389312977,18,22,6,6,9,23,1
1478,1,42,187,3.5,5,9,1,0,3,11,1
1479,6,189,747,3.042328042,25,29,5,23,6,34,0
1480,4,126,626,3.984126984,25,15,6,3,16,18,0
1481,17,275,1095,3.265454545,35,40,4,8,8,24,1
1482,5,72,310,3.444444444,10,15,2,2,6,13,1
1483,10,234,1095,3.786324786,41,24,11,11,16,41,1
1484,4,238,938,3.294117647,27,31,5,2,20,23,1
1485,1,25,107,3.4,2,5,3,1,0,4,0
1486,19,337,1325,3.118694362,47,51,19,4,14,58,6
1487,7,266,1162,3.518796992,34,34,8,12,17,18,1
1488,22,238,1017,3.529411765,29,30,6,4,12,18,1
1489,12,161,723,3.596273292,21,25,8,4,11,25,2
1490,11,176,726,3.3125,21,25,7,7,16,23,0
1491,30,356,1373,3.165730337,40,28,15,12,16,40,0
1492,15,163,613,2.944785276,19,19,3,15,6,20,1
1493,3,119,510,3.361344538,20,14,5,6,13,23,0
1494,20,392,1595,3.293367347,37,38,14,14,23,28,4
1495,17,247,1123,3.680161943,31,40,15,5,20,34,3
1496,22,293,1124,3.037542662,49,43,7,10,10,49,9
1497,2,146,672,3.691780822,25,24,12,3,9,31,0
1498,5,140,329,2.014285714,6,9,3,1,1,6,1
1499,4,93,389,3.311827957,11,14,8,3,4,16,0
1500,7,131,503,3.022900763,13,18,9,4,8,23,3
1501,6,79,337,3.392405063,11,10,6,7,4,13,0
1502,2,67,320,3.910447761,12,14,4,4,3,6,0
1503,2,27,118,3.555555556,3,4,1,1,1,4,0
1504,10,194,765,3.12371134,28,23,7,3,13,32,1
1505,4,111,487,3.513513514,17,6,8,6,5,24,0
1506,18,300,1291,3.58,39,35,12,6,11,27,0
1507,2,34,133,3.058823529,3,6,1,2,0,4,0
1508,19,232,931,3.232758621,32,32,10,4,19,27,6
1509,28,368,1497,3.277173913,52,37,18,13,32,61,1
1510,4,156,680,3.435897436,16,22,12,6,7,25,4
1511,13,298,1320,3.543624161,41,48,10,16,13,39,0
1512,31,566,2429,3.487632509,73,82,27,25,25,54,2
1513,6,149,626,3.33557047,20,20,5,3,11,18,0
1514,12,184,765,3.342391304,22,24,13,4,10,23,1
1515,17,257,1056,3.280155642,32,40,9,4,16,42,1
1516,15,287,1195,3.334494774,38,37,8,16,23,36,3
1517,12,217,998,3.751152074,30,35,4,9,16,25,1
1518,4,97,406,3.309278351,15,17,5,2,3,12,0
1519,4,78,330,3.384615385,12,9,3,4,6,11,1
1520,1,56,243,3.375,4,8,5,4,5,6,0
1521,11,183,790,3.453551913,27,24,7,6,13,28,1
1522,17,330,1430,3.493939394,42,44,19,13,8,44,0
1523,10,216,892,3.189814815,31,24,9,8,12,43,3
1524,16,182,732,3.230769231,25,21,6,7,14,17,0
1525,9,131,522,3.091603053,21,15,3,6,5,26,0
1526,16,204,928,3.715686275,18,33,8,4,14,19,1
1527,11,122,514,3.37704918,12,19,10,3,9,18,0
1528,28,435,1820,3.473563218,55,43,7,7,20,30,1
1529,11,190,781,3.331578947,17,19,7,7,10,22,0
1530,7,163,675,3.239263804,25,25,4,2,11,36,0
1531,5,61,278,3.704918033,9,11,5,4,2,7,0
1532,20,381,1647,3.454068241,46,57,18,14,18,51,0
1533,13,209,906,3.464114833,24,18,15,6,23,29,1
1534,23,313,1461,3.408945687,44,45,19,9,10,53,1
1535,7,139,589,3.395683453,19,16,5,4,11,21,0
1536,7,87,369,3.356321839,14,12,4,2,6,17,1
1537,10,99,408,3.181818182,17,11,4,1,10,15,0
1538,4,107,473,3.514018692,17,12,6,6,2,18,0
1539,27,539,2138,3.289424861,64,62,20,9,11,41,0
1540,19,440,1849,3.3,72,50,24,21,25,91,1
1541,10,135,553,3.251851852,17,25,4,1,4,25,0
1542,10,212,895,3.344339623,29,33,7,14,15,31,0
1543,5,151,654,3.430463576,26,14,7,2,13,29,0
1544,5,154,623,3.181818182,21,19,6,11,8,32,1
1545,2,42,189,3.714285714,3,9,1,1,2,4,0
1546,4,131,601,3.679389313,25,15,2,10,17,23,0
1547,7,253,1157,3.616600791,34,41,18,14,17,41,5
1548,14,248,1000,3.213709677,32,29,16,1,13,48,1
1549,11,182,775,3.351648352,24,20,9,8,10,32,2
1550,5,102,417,3.254901961,13,18,1,1,6,16,0
1551,6,139,576,3.273381295,25,14,6,3,13,29,0
1552,10,135,526,3.155555556,17,12,4,3,9,19,0
1553,7,155,589,3.096774194,23,10,7,6,7,18,0
1554,6,111,473,3.36036036,19,14,1,6,7,20,0
1555,15,328,1353,3.237804878,58,47,10,16,11,54,3
1556,12,155,638,3.283870968,31,14,1,10,8,23,0
1557,2,123,519,3.235772358,21,17,5,11,7,18,1
1558,6,58,227,3.068965517,5,10,4,0,1,8,0
1559,13,188,774,3.287234043,28,18,4,6,8,36,0
1560,11,202,863,3.405940594,30,28,10,5,8,22,0
1561,14,181,778,3.453038674,26,24,6,6,25,26,0
1562,34,418,1671,3.172248804,70,54,12,14,33,70,0
1563,25,348,1531,3.560344828,51,39,17,9,21,54,1
1564,6,80,319,3.1,10,11,8,5,2,13,0
1565,9,239,1172,3.974895397,30,49,13,11,18,38,2
1566,13,193,866,3.632124352,25,32,7,8,16,26,0
1567,30,419,1591,3.090692124,45,41,18,6,30,41,0
1568,9,182,739,3.148351648,27,35,5,11,9,25,0
